"Year","Age0","Age1","Age2","Age3","Age4","Age5","Age6","Age7","Age8","Age9","Age10","Age11","Age12","Age13","Age14","Age15","Age16","Age17","Age18","Age19","Age20","Age21","Age22","Age23","Age24","Age25","Age26","Age27","Age28","Age29","Age30","Age31","Age32","Age33","Age34","Age35","Age36","Age37","Age38","Age39","Age40","Age41","Age42","Age43","Age44","Age45","Age46","Age47","Age48","Age49","Age50","Age51","Age52","Age53","Age54","Age55","Age56","Age57","Age58","Age59","Age60","Age61","Age62","Age63","Age64","Age65","Age66","Age67","Age68","Age69","Age70"
1890,7560.99,7080.93,6610.42,6170.04,5758.14,5373.33,5013.91,4678.06,4364.16,4070.74,3796.46,3540.13,3300.6,3076.85,2867.86,2672.72,2490.55,2320.53,2161.87,2013.84,1875.76,1746.98,1626.9,1514.94,1410.57,1313.29,1222.64,1138.16,1059.45,986.132,917.834,863.698,803.227,746.989,694.689,646.051,600.818,558.753,519.632,483.25,449.416,417.95,388.688,361.474,336.166,312.629,290.741,270.385,251.454,233.849,217.476,202.249,188.089,174.92,162.673,151.284,140.692,130.841,121.681,113.161,105.238,97.8701,91.0178,84.6453,78.7189,73.2074,68.0819,63.3152,58.8822,54.7596,727.361
1891,7527.74,7031.61,6585.16,6147.59,5738.04,5354.95,4997.03,4662.78,4350.45,4058.54,3785.67,3530.61,3292.23,3069.49,2861.41,2667.06,2485.59,2316.17,2158.05,2010.5,1872.83,1744.42,1624.66,1512.99,1408.87,1311.8,1221.34,1137.03,1058.47,985.274,917.086,853.569,803.224,746.987,694.687,646.049,600.816,558.751,519.63,483.249,449.414,417.949,388.686,361.473,336.165,312.628,290.74,270.384,251.453,233.848,217.475,202.249,188.088,174.92,162.673,151.283,140.691,130.841,121.68,113.161,105.238,97.8698,91.0175,84.645,78.7186,73.2072,68.0816,63.315,58.882,54.7594,727.358
1892,7493.08,7000.69,6539.3,6124.1,5717.16,5336.18,4979.77,4646.92,4336.09,4045.65,3774.21,3520.48,3283.32,3061.67,2854.54,2661.03,2480.3,2311.54,2153.98,2006.94,1869.72,1741.69,1622.27,1510.9,1407.04,1310.21,1219.95,1135.82,1057.41,984.351,916.282,852.868,793.799,746.979,694.68,646.043,600.81,558.745,519.625,483.244,449.41,417.945,388.683,361.469,336.161,312.625,290.737,270.381,251.451,233.846,217.473,202.247,188.087,174.918,162.671,151.282,140.69,130.84,121.679,113.16,105.237,97.8688,91.0166,84.6441,78.7178,73.2065,68.081,63.3143,58.8814,54.7589,727.351
1893,7457,6968.46,6510.54,6081.45,5695.31,5316.75,4962.29,4630.84,4321.32,4032.27,3762.21,3509.81,3273.9,3053.37,2847.26,2654.64,2474.69,2306.62,2149.67,2003.15,1866.4,1738.79,1619.73,1508.67,1405.1,1308.51,1218.46,1134.52,1056.28,983.366,915.422,852.119,793.147,738.214,694.673,646.036,600.804,558.739,519.619,483.239,449.405,417.94,388.678,361.465,336.158,312.622,290.734,270.378,251.448,233.843,217.471,202.245,188.085,174.916,162.669,151.28,140.688,130.838,121.678,113.158,105.236,97.8677,91.0156,84.6432,78.717,73.2057,68.0802,63.3136,58.8808,54.7583,727.343
1894,7419.44,6934.9,6480.56,6054.7,5655.64,5296.37,4944.08,4614.45,4306.24,4018.42,3749.66,3498.58,3263.92,3044.57,2839.52,2647.85,2468.74,2301.39,2145.09,1999.13,1862.87,1735.7,1617.02,1506.3,1403.02,1306.7,1216.88,1133.14,1055.07,982.31,914.501,851.316,792.446,737.603,686.517,646.025,600.794,558.73,519.611,483.231,449.398,417.933,388.672,361.459,336.152,312.617,290.729,270.374,251.444,233.839,217.467,202.241,188.081,174.913,162.667,151.278,140.686,130.836,121.676,113.157,105.234,97.8661,91.0141,84.6418,78.7157,73.2045,68.0791,63.3126,58.8798,54.7574,727.331
1895,7380.34,6899.97,6449.36,6026.83,5630.76,5259.43,4925.03,4597.43,4290.91,4004.32,3736.73,3486.87,3253.44,3035.27,2831.32,2640.64,2462.41,2295.84,2140.22,1994.86,1859.13,1732.41,1614.14,1503.78,1400.81,1304.76,1215.19,1131.66,1053.78,981.182,913.516,850.456,791.696,736.949,685.946,638.438,600.782,558.719,519.6,483.221,449.389,417.925,388.664,361.452,336.145,312.61,290.723,270.368,251.439,233.834,217.463,202.237,188.078,174.91,162.663,151.275,140.683,130.833,121.673,113.154,105.232,97.8642,91.0123,84.6401,78.7141,73.203,68.0777,63.3113,58.8786,54.7563,727.317
1896,7339.63,6863.61,6416.87,5997.81,5604.83,5236.21,4890.5,4579.54,4274.91,3989.91,3723.49,3474.74,3242.49,3025.48,2822.64,2632.99,2455.68,2289.94,2135.04,1990.32,1855.14,1728.91,1611.07,1501.09,1398.45,1302.7,1213.38,1130.08,1052.4,979.973,912.46,849.534,790.89,736.245,685.333,637.903,593.722,558.703,519.586,483.208,449.376,417.913,388.654,361.442,336.136,312.602,290.715,270.361,251.432,233.828,217.457,202.232,188.073,174.905,162.659,151.27,140.679,130.83,121.67,113.151,105.229,97.8615,91.0098,84.6378,78.7119,73.201,68.0759,63.3096,58.877,54.7548,727.297
1897,7297.21,6825.75,6383.05,5967.59,5577.84,5212.05,4868.82,4547.35,4258.2,3974.97,3710.03,3462.39,3231.18,3015.27,2813.51,2624.91,2448.56,2283.68,2129.54,1985.49,1850.91,1725.2,1607.81,1498.23,1395.95,1300.5,1211.45,1128.39,1050.92,978.683,911.333,848.549,790.03,735.494,684.677,637.33,593.222,552.136,519.57,483.193,449.362,417.901,388.642,361.431,336.126,312.592,290.706,270.353,251.424,233.821,217.45,202.225,188.067,174.899,162.654,151.266,140.675,130.826,121.666,113.148,105.226,97.8585,91.007,84.6352,78.7095,73.1987,68.0738,63.3076,58.8752,54.7531,727.274
1898,7252.96,6786.29,6347.84,5936.14,5549.74,5186.91,4846.27,4527.1,4228.19,3959.36,3696.08,3449.83,3219.66,3004.73,2804,2616.41,2441.03,2277.04,2123.71,1980.38,1846.42,1721.26,1604.36,1495.19,1393.28,1298.17,1209.41,1126.6,1049.35,977.308,910.13,847.497,789.111,734.691,683.975,636.718,592.687,551.669,513.461,483.176,449.347,417.886,388.628,361.419,336.114,312.581,290.696,270.343,251.415,233.813,217.443,202.218,188.06,174.893,162.648,151.261,140.67,130.821,121.662,113.144,105.222,97.8551,91.0039,84.6323,78.7068,73.1962,68.0714,63.3055,58.8732,54.7512,727.249
1899,7206.8,6745.14,6311.15,5903.4,5520.49,5160.74,4822.8,4506.05,4209.28,3931.38,3681.5,3436.81,3207.95,2993.99,2794.19,2607.56,2433.12,2270.04,2117.54,1974.95,1841.65,1717.08,1600.69,1491.97,1390.46,1295.68,1207.23,1124.69,1047.68,975.844,908.849,846.376,788.13,733.834,683.226,636.063,592.116,551.17,513.025,477.493,449.33,417.87,388.613,361.405,336.101,312.57,290.685,270.333,251.406,233.804,217.434,202.211,188.053,174.887,162.642,151.255,140.665,130.816,121.657,113.14,105.218,97.8514,91.0004,84.6291,78.7038,73.1934,68.0689,63.3031,58.8709,54.7491,727.222
1900,7158.67,6702.22,6272.88,5869.27,5490.03,5133.5,4798.38,4484.15,4189.63,3913.73,3655.43,3423.21,3195.81,2983.09,2784.19,2598.42,2424.88,2262.67,2111.01,1969.2,1836.6,1712.64,1596.79,1488.55,1387.46,1293.05,1204.92,1122.66,1045.9,974.286,907.484,845.181,787.085,732.92,682.427,635.365,591.505,550.637,512.559,477.086,444.044,417.853,388.597,361.39,336.088,312.557,290.673,270.322,251.396,233.794,217.425,202.202,188.045,174.88,162.635,151.249,140.659,130.811,121.652,113.135,105.214,97.8474,90.9967,84.6256,78.7006,73.1904,68.066,63.3004,58.8685,54.7469,727.192
1901,7108.53,6657.44,6232.96,5833.68,5458.24,5104.69,4771.99,4460.43,4168.32,3894.59,3638.3,3398.42,3182.77,2971.53,2773.86,2588.98,2416.26,2254.9,2104.07,1963.05,1831.17,1707.87,1592.6,1484.87,1384.22,1290.21,1202.42,1120.46,1043.97,972.591,905.996,843.876,785.941,731.916,681.548,634.594,590.83,550.045,512.041,476.633,443.646,412.92,388.565,361.36,336.059,312.53,290.649,270.299,251.374,233.775,217.407,202.185,188.03,174.865,162.622,151.236,140.647,130.8,121.642,113.125,105.205,97.8392,90.989,84.6185,78.694,73.1843,68.0603,63.2951,58.8636,54.7423,727.131
1902,7056.51,6610.8,6191.25,5796.45,5425.01,5074.62,4744.09,4434.84,4145.26,3873.86,3619.75,3381.93,3159.31,2959.12,2762.9,2579.21,2407.36,2246.78,2096.75,1956.5,1825.36,1702.74,1588.08,1480.9,1380.73,1287.13,1199.71,1118.08,1041.88,970.75,904.377,842.453,784.689,730.817,680.582,633.746,590.086,549.392,511.467,476.128,443.203,412.53,383.959,361.312,336.015,312.489,290.611,270.264,251.341,233.744,217.378,202.159,188.005,174.842,162.6,151.216,140.629,130.783,121.626,113.111,105.191,97.8263,90.9771,84.6074,78.6836,73.1747,68.0514,63.2868,58.8558,54.7351,727.035
1903,7002.7,6562.41,6147.8,5757.57,5390.25,5043.19,4715.01,4407.83,4120.45,3851.5,3599.72,3364.1,3143.56,2937.01,2751.16,2568.87,2398.15,2238.39,2089.09,1949.59,1819.19,1697.26,1583.24,1476.63,1376.97,1283.82,1196.8,1115.52,1039.62,968.757,902.621,840.906,783.328,729.619,679.527,632.818,589.269,548.673,510.834,475.571,442.713,412.099,383.578,357.012,335.955,312.433,290.558,270.215,251.296,233.702,217.339,202.123,187.971,174.81,162.571,151.189,140.603,130.759,121.604,113.09,105.172,97.8087,90.9607,84.5921,78.6695,73.1615,68.0391,63.2754,58.8452,54.7252,726.904
1904,6947.23,6512.35,6102.73,5717.08,5353.96,5010.36,4684.67,4379.72,4094.33,3827.53,3578.17,3344.89,3126.57,2922.07,2730.4,2557.79,2388.4,2229.71,2081.18,1942.38,1812.68,1691.43,1578.06,1472.05,1372.93,1280.27,1193.66,1112.75,1037.18,966.606,900.724,839.233,781.852,728.317,678.38,631.806,588.377,547.886,510.141,474.96,442.173,411.622,383.158,356.641,331.94,312.362,290.492,270.153,251.239,233.648,217.29,202.076,187.928,174.77,162.534,151.154,140.571,130.729,121.576,113.064,105.148,97.7863,90.9399,84.5728,78.6515,73.1448,68.0236,63.261,58.8318,54.7127,726.738
1905,6890.02,6460.75,6056.11,5675.07,5316.17,4976.09,4653.03,4350.45,4067.2,3802.33,3555.12,3324.28,3108.29,2905.99,2716.3,2538.33,2377.97,2220.54,2073.01,1934.93,1805.88,1685.3,1572.57,1467.17,1368.61,1276.45,1190.3,1109.78,1034.56,964.292,898.68,837.427,780.257,726.909,677.136,630.708,587.407,547.03,509.385,474.292,441.583,411.101,382.697,356.232,331.579,308.614,290.411,270.078,251.169,233.583,217.229,202.02,187.876,174.722,162.489,151.112,140.532,130.693,121.543,113.033,105.119,97.7591,90.9146,84.5493,78.6296,73.1244,68.0046,63.2434,58.8154,54.6975,726.536
1906,6830.94,6407.55,6008.06,5631.64,5277.05,4941.26,4621.88,4321.71,4040.63,3777.68,3532.17,3303.21,3089.38,2889.17,2701.46,2525.31,2359.95,2210.9,2064.54,1927.39,1799,1679.02,1566.91,1462.1,1364.1,1272.46,1186.78,1106.68,1031.82,961.879,896.551,835.548,778.599,725.445,675.844,629.568,586.401,546.142,508.601,473.601,440.973,410.562,382.221,355.812,331.207,308.285,286.934,270.01,251.105,233.524,217.174,201.969,187.828,174.678,162.448,151.074,140.497,130.66,121.512,113.004,105.092,97.7344,90.8916,84.5279,78.6097,73.1059,67.9875,63.2274,58.8005,54.6837,726.352
1907,6769.82,6352.61,5958.53,5586.87,5236.58,4904.93,4589.61,4292.85,4014,3753.06,3509.33,3281.92,3069.82,2871.61,2685.83,2511.52,2347.84,2194.14,2055.58,1919.5,1791.99,1672.63,1561.07,1456.83,1359.39,1268.27,1183.07,1103.41,1028.94,959.336,894.308,833.569,776.852,723.903,674.483,628.367,585.341,545.207,507.776,472.873,440.331,409.995,381.721,355.37,330.817,307.94,286.629,266.777,251.042,233.465,217.12,201.918,187.781,174.634,162.407,151.036,140.461,130.627,121.481,112.976,105.066,97.7098,90.8687,84.5066,78.5899,73.0875,67.9703,63.2114,58.7857,54.6699,726.169
1908,6706.79,6295.76,5907.36,5540.72,5194.85,4867.15,4555.52,4262.56,3986.9,3728.06,3486.23,3260.52,3049.92,2853.33,2669.44,2496.94,2334.98,2182.85,2039.96,1911.14,1784.63,1666.08,1555.1,1451.38,1354.47,1263.87,1179.16,1099.95,1025.88,956.64,891.93,831.47,774.999,722.267,673.039,627.091,584.215,544.213,506.899,472.098,439.647,409.391,381.187,354.899,330.401,307.572,286.303,266.489,248.032,233.403,217.061,201.864,187.73,174.587,162.363,150.995,140.424,130.592,121.449,112.945,105.038,97.6835,90.8443,84.4839,78.5688,73.0679,67.9521,63.1945,58.7699,54.6552,725.974
1909,6642.51,6237.17,5854.45,5493.07,5151.95,4829.4,4522.72,4233.08,3960.82,3704.75,3464.55,3240.24,3030.86,2835.41,2652.86,2482,2321.67,2171.1,2029.66,1896.81,1777.02,1659.39,1549.16,1445.97,1349.53,1259.42,1175.18,1096.41,1022.76,953.887,889.506,829.337,773.121,720.612,671.581,625.807,583.084,543.217,506.022,471.326,438.968,408.794,380.662,354.437,329.994,307.214,285.988,266.211,247.788,230.626,217.023,201.829,187.698,174.556,162.335,150.969,140.399,130.569,121.427,112.926,105.019,97.6665,90.8284,84.4691,78.5551,73.0551,67.9402,63.1834,58.7597,54.6457,725.847
1910,6577.26,6177.37,5799.89,5443.77,5107.45,4788.45,4485.32,4200.38,3931.33,3678.62,3441.31,3218.88,3011.14,2817.09,2635.77,2466.26,2307.52,2158.5,2018.53,1887.03,1763.51,1652.15,1542.78,1440.3,1344.36,1254.7,1170.92,1092.6,1019.37,950.886,886.856,827,771.059,718.793,669.974,624.388,581.831,542.11,505.044,470.463,438.206,408.121,380.068,353.912,329.53,306.805,285.626,265.891,247.504,230.375,214.42,201.773,187.646,174.508,162.29,150.927,140.36,130.533,121.394,112.895,104.99,97.6395,90.8033,84.4458,78.5334,73.0349,67.9214,63.166,58.7435,54.6306,725.647
1911,6511.31,6116.66,5744.2,5392.93,5061.42,4746.02,4444.95,4163.42,3898.86,3649.32,3415.45,3196.09,2990.43,2798.17,2618.32,2450.05,2292.63,2145.11,2006.6,1876.49,1754.25,1639.42,1535.89,1434.22,1338.95,1249.76,1166.41,1088.52,1015.71,947.636,883.975,824.451,768.806,716.802,668.213,622.83,580.452,540.889,503.963,469.506,437.358,407.37,379.403,353.323,329.009,306.342,285.216,265.527,247.181,230.088,214.165,199.332,187.575,174.442,162.228,150.87,140.307,130.484,121.348,112.852,104.951,97.6025,90.7689,84.4138,78.5036,73.0072,67.8957,63.142,58.7212,54.6099,725.372
1912,6443.52,6055.31,5687.68,5341.05,5013.96,4702.16,4403.22,4123.71,3862.43,3617.24,3386.64,3170.85,2968.38,2778.31,2600.29,2433.51,2277.29,2131.03,1993.95,1865.2,1744.26,1630.63,1523.9,1427.67,1333.16,1244.6,1161.7,1084.22,1011.82,944.143,880.861,821.686,766.357,714.633,666.293,621.128,578.943,539.551,502.776,468.452,436.423,406.54,378.665,352.668,328.427,305.825,284.756,265.118,246.817,229.764,213.875,199.074,185.286,174.357,162.15,150.797,140.239,130.42,121.289,112.797,104.9,97.5552,90.725,84.3729,78.4656,72.9719,67.8628,63.1115,58.6928,54.5834,725.021
1913,6372.53,5992.24,5630.55,5288.39,4965.53,4656.99,4360.16,4082.74,3823.45,3581.5,3355.26,3142.87,2944.06,2757.21,2581.41,2416.43,2261.64,2116.54,1980.64,1853.24,1733.59,1621.18,1515.57,1416.37,1326.93,1239.09,1156.78,1079.72,1007.71,940.424,877.521,818.705,763.705,712.28,664.206,619.277,577.299,538.091,501.478,467.298,435.397,405.627,377.853,351.946,327.783,305.252,284.245,264.663,246.411,229.401,213.551,198.784,185.026,172.212,162.054,150.708,140.156,130.343,121.218,112.731,104.838,97.4977,90.6714,84.3231,78.4193,72.9288,67.8228,63.0742,58.6581,54.5512,724.593
1914,6297.79,5926.2,5571.83,5235.17,4916.38,4610.91,4315.88,4040.54,3783.31,3543.4,3320.48,3112.51,2917.2,2734,2561.37,2398.55,2245.5,2101.76,1966.96,1840.68,1722.28,1611.08,1506.62,1408.48,1316.28,1233.16,1151.53,1075.03,1003.43,936.503,873.969,815.512,760.852,709.739,661.947,617.27,575.516,536.505,500.067,466.042,434.277,404.63,376.964,351.152,327.076,304.62,283.681,264.159,245.961,228.998,213.191,198.461,184.737,171.952,160.042,150.603,140.058,130.252,121.133,112.652,104.765,97.4295,90.6081,84.2642,78.3645,72.8779,67.7754,63.0301,58.6171,54.5131,724.086
1915,6221.43,5856.67,5510.34,5180.47,4866.71,4564.16,4270.77,3997.21,3742.03,3504.21,3283.52,3078.99,2888.12,2708.43,2539.36,2379.59,2228.6,2086.52,1953,1827.76,1710.42,1600.4,1497.07,1400,1308.8,1223.13,1145.89,1070.04,998.956,932.416,870.23,812.121,757.8,707.008,659.513,615.103,573.588,534.788,498.538,464.679,433.061,403.544,375.995,350.287,326.302,303.929,283.063,263.606,245.465,228.555,212.793,198.104,184.416,171.663,159.783,148.717,139.945,130.147,121.035,112.561,104.68,97.3506,90.5347,84.196,78.3011,72.8189,67.7205,62.9791,58.5697,54.4689,723.5
1916,6145.88,5785.63,5445.63,5123.22,4815.68,4516.93,4225.05,3953.12,3699.72,3463.99,3245.56,3043.46,2856.12,2680.8,2515.16,2358.8,2210.71,2070.58,1938.62,1814.59,1698.22,1589.2,1486.98,1390.97,1300.78,1216.04,1136.45,1064.68,994.205,928.158,866.335,808.555,754.565,704.094,656.902,612.772,571.51,532.937,496.887,463.206,431.746,402.37,374.945,349.348,325.462,303.177,282.389,263.002,244.924,228.069,212.357,197.712,184.064,171.346,159.497,148.459,138.177,130.027,120.923,112.457,104.583,97.2609,90.4513,84.1184,78.2289,72.7518,67.6581,62.9211,58.5157,54.4188,722.833
1917,6066.1,5715.04,5379.15,5062.45,4760.57,4454.17,4147.79,3878.84,3628.69,3397.34,3185.52,2990.89,2810.7,2642.42,2483.35,2331.68,2187.6,2050.62,1920.78,1798.41,1683.36,1575.41,1474.28,1379.45,1290.39,1206.72,1128.11,1054.27,987.69,922.309,861.039,803.686,750.085,699.999,653.178,609.398,568.46,530.182,494.398,460.955,429.709,400.525,373.272,347.831,324.085,301.926,281.253,261.969,243.983,227.212,211.576,197,183.414,170.753,158.955,147.963,137.723,128.185,120.624,112.179,104.325,97.0204,90.2275,83.9103,78.0354,72.5718,67.4908,62.7654,58.371,54.2842,721.046
1918,5986.43,5640.33,5301.78,4985.16,4687.52,4392.59,4070.37,3789.18,3542.82,3315.97,3110.61,2924.83,2754.04,2594.33,2443.12,2298.38,2159.15,2026.22,1899.54,1779.32,1665.98,1559.41,1459.41,1365.72,1277.87,1195.37,1117.86,1045.04,976.636,914.963,854.396,797.637,744.507,694.853,648.455,605.081,564.526,526.602,491.142,457.993,427.013,398.068,371.032,345.787,322.219,300.221,279.694,260.543,242.679,226.018,210.482,195.997,182.494,169.909,158.18,147.251,137.068,127.582,118.746,111.742,103.918,96.6427,89.8763,83.5837,77.7317,72.2893,67.228,62.5211,58.1438,54.0729,718.239
1919,5903.64,5566.02,5237.91,4920.57,4621.68,4307.33,3973.9,3680.5,3425.22,3205.06,3009.3,2835.69,2678.75,2532.12,2391.78,2256.06,2124.22,1996.33,1873.71,1756.66,1645.51,1540.71,1442.15,1349.67,1263.02,1181.79,1105.48,1033.8,966.458,903.198,846.162,790.15,737.659,688.524,642.604,599.694,559.582,522.076,487.004,454.211,423.554,394.904,368.135,343.133,319.785,297.989,277.646,258.663,240.951,224.43,209.022,194.655,181.259,168.772,157.133,146.286,136.178,126.761,117.989,109.817,103.34,96.1043,89.3757,83.1181,77.2986,71.8866,66.8535,62.1728,57.8198,53.7716,714.238
1920,5822.05,5489.79,5171.43,4864.7,4567.97,4279.66,3966.98,3659.24,3388.72,3154.54,2955.03,2778.89,2622.82,2481,2347.42,2218.58,2093.32,1971.26,1852.67,1738.91,1630.29,1527.14,1429.87,1338.41,1252.58,1172.17,1096.77,1025.96,959.436,896.935,838.226,785.292,733.309,684.595,638.994,596.377,556.555,519.328,484.52,451.971,421.536,393.086,366.496,341.653,318.449,296.781,276.553,257.673,240.055,223.618,208.286,193.986,180.652,168.22,156.631,145.829,135.762,126.382,117.643,109.501,101.917,95.9057,89.191,82.9463,77.1389,71.7381,66.7154,62.0443,57.7004,53.6605,712.762
1921,5739.51,5413.85,5094.35,4794.72,4508.07,4233.83,3951.79,3662.61,3378.23,3129.08,2915.04,2733.63,2573.56,2431.27,2301.31,2178.26,2059.13,1943.05,1829.82,1719.77,1614.18,1513.35,1417.6,1327.31,1242.4,1162.73,1088.09,1018.1,952.366,890.615,832.597,778.099,728.962,680.708,635.488,593.159,553.598,516.632,482.076,449.765,419.55,391.299,364.889,340.207,317.146,295.606,275.493,256.716,239.19,222.836,207.578,193.345,180.071,167.694,156.153,145.395,135.369,126.024,117.317,109.204,101.646,94.6064,89.0263,82.7932,76.9965,71.6056,66.5922,61.9298,57.5938,53.5614,711.446
1922,5658.87,5336.9,5020.34,4718.58,4438.07,4173.29,3899.47,3639.08,3372.45,3111.4,2884.89,2691.53,2527.86,2382.85,2253.11,2133.82,2020.29,1910.04,1802.46,1697.46,1595.37,1497.42,1403.89,1315.06,1231.3,1152.54,1078.63,1009.38,944.458,883.48,826.195,772.373,721.817,676.235,631.471,589.522,550.254,513.556,479.263,447.207,417.232,389.203,362.996,338.496,315.599,294.206,274.224,255.566,238.147,221.889,206.718,192.563,179.36,167.046,155.564,144.858,134.879,125.577,116.908,108.831,101.305,94.294,87.7633,82.5868,76.8046,71.4272,66.4262,61.7755,57.4503,53.428,709.673
1923,5576.18,5262.28,4959.37,4663.71,4381.84,4113.19,3851.1,3597.91,3357.37,3112.07,2873.68,2667.82,2492.21,2343.18,2210.44,2091.04,1980.8,1875.61,1773.33,1673.48,1575.99,1481.21,1390.27,1303.43,1220.96,1143.2,1070.07,1001.45,937.158,876.879,820.264,767.078,717.107,670.169,627.848,586.287,547.339,510.882,476.809,444.97,415.207,387.378,361.354,337.022,314.275,293.017,273.155,254.603,237.279,221.107,206.012,191.926,178.785,166.526,155.094,144.433,134.493,125.228,116.592,108.543,101.044,94.0563,87.547,81.4835,76.6775,71.309,66.3163,61.6732,57.3552,53.3395,708.498
1924,5490.04,5185.05,4886.13,4601.91,4324.73,4049.87,3772.24,3530.97,3298.33,3079.04,2858.53,2645.49,2461.65,2304.05,2169.2,2047.98,1938.18,1836.35,1738.97,1644.19,1551.62,1461.24,1373.36,1289.04,1208.52,1132.06,1059.95,992.15,928.529,868.919,813.029,760.536,711.223,664.891,621.37,582.131,543.597,507.485,473.682,442.09,412.57,384.974,359.171,335.043,312.482,291.391,271.681,253.265,236.064,220.002,205.007,191.011,177.951,165.767,154.401,143.801,133.916,124.7,116.109,108.102,100.64,93.6862,87.2076,81.1722,75.5503,71.0942,66.1166,61.4875,57.1825,53.1789,706.365
1925,4887.77,5104.67,4808.8,4526.52,4259.33,3990.35,3701.08,3446.26,3225.25,3014.22,2819.26,2624.63,2435.97,2272.1,2130.19,2007.53,1896.35,1795.11,1700.96,1610.82,1523.04,1437.29,1353.57,1272.17,1194.06,1119.48,1048.65,981.854,919.046,860.112,804.895,753.123,704.498,658.818,615.9,575.586,539.238,503.543,470.092,438.78,409.516,382.171,356.608,332.706,310.356,289.457,269.921,251.662,234.604,218.67,203.791,189.901,176.937,164.839,153.552,143.024,133.205,124.049,115.512,107.554,100.137,93.2242,86.7831,80.7819,75.1912,69.9835,65.8558,61.2449,56.9569,52.9691,703.578
1926,4956.53,4544.62,4736.93,4458.39,4192.61,3923.91,3632.71,3368.05,3135.44,2936.13,2750.61,2581.55,2411.86,2245.11,2098.42,1969.81,1857.6,1755.24,1661.73,1574.65,1491.22,1409.96,1330.58,1253.08,1177.72,1105.41,1036.36,970.791,908.958,850.813,796.254,745.137,697.208,652.193,609.905,570.174,532.852,499.203,466.158,435.191,406.203,379.112,353.797,330.132,308.005,287.314,267.967,249.881,232.978,217.186,202.435,188.661,175.802,163.801,152.601,142.152,132.405,123.315,114.839,106.936,99.5688,92.7022,86.3029,80.34,74.7844,69.6088,64.7877,60.9664,56.6979,52.7282,700.378
1927,4745.01,4608.84,4223.97,4401.61,4139.94,3867.81,3581.79,3314.82,3072.7,2862.03,2685.84,2523.85,2376.23,2225.88,2075.83,1942.36,1824.38,1720.91,1626.26,1539.68,1459.01,1381.71,1306.42,1232.87,1161.05,1091.23,1024.23,960.255,899.499,842.206,788.331,737.779,690.415,646.007,604.298,565.115,528.301,493.721,462.543,431.924,403.231,376.372,351.271,327.815,305.888,285.386,266.214,248.288,231.53,215.869,201.236,187.569,174.806,162.892,151.771,141.394,131.713,122.682,114.259,106.405,99.0827,92.2567,85.8943,79.965,74.44,69.2924,64.4968,60.0299,56.4892,52.5341,697.8
1928,4625.03,4411.63,4272.9,3911.15,4070.56,3805.47,3504.06,3243.38,3000.8,2783.66,2600.43,2450.61,2312.8,2185.4,2052.32,1916.88,1795.06,1686.65,1591.23,1503.78,1423.74,1349.15,1277.67,1208.05,1140.04,1073.63,1009.07,947.114,887.954,831.773,778.794,728.975,682.229,638.432,597.367,558.798,522.566,488.524,456.547,427.717,399.403,372.871,348.034,324.822,303.133,282.857,263.898,246.17,229.594,214.098,199.615,186.084,173.446,161.645,150.627,140.344,130.748,121.796,113.445,105.656,98.3937,91.6225,85.3104,79.4271,73.9442,68.8352,64.0751,59.6407,55.51,52.2359,693.839
1929,4725.41,4300.22,4090.76,3957.4,3618.41,3748.29,3461.63,3186.17,2948.44,2729.61,2538.35,2379.66,2250.74,2130.63,2017.56,1897.13,1773.13,1660.95,1560.83,1472.59,1391.68,1317.62,1248.59,1182.44,1118,1055.06,993.605,933.85,876.516,821.765,769.772,720.742,674.637,631.375,590.843,552.839,517.145,483.613,452.109,422.516,395.834,369.632,345.077,322.091,300.61,280.537,261.772,244.227,227.82,212.48,198.139,184.736,172.214,160.517,149.595,139.399,129.883,121.002,112.717,104.988,97.7806,91.0593,84.7929,78.9513,73.5065,68.4324,63.7042,59.2989,55.195,51.3723,690.462
1930,4682.58,4393.31,3980.04,3778.84,3650.74,3329.71,3406.58,3144.74,2893.8,2679.58,2486.94,2321.02,2183.99,2072.07,1965.75,1863.86,1753.81,1639.68,1536.15,1443.61,1362.01,1287.19,1218.68,1154.84,1093.65,1034.06,975.842,918.999,863.731,810.702,760.062,711.972,666.624,623.981,583.968,546.479,511.328,478.315,447.301,418.162,390.791,366.113,341.877,319.166,297.907,278.038,259.472,242.117,225.889,210.714,196.525,183.261,170.865,159.283,148.465,138.363,128.932,120.13,111.917,104.253,97.1053,90.4386,84.222,78.4261,73.0231,67.9872,63.294,58.9209,54.8464,51.0506,686.133
1931,4575.97,4353.39,4066.65,3677.12,3486.12,3353.74,3013.98,3082.04,2844.34,2619.33,2432.67,2267.45,2125.5,2007.37,1909.41,1814.25,1721.61,1620.56,1515.33,1419.72,1334.21,1258.81,1189.65,1126.34,1067.33,1010.78,955.702,901.899,849.363,798.283,749.271,702.469,658.023,616.111,576.699,539.718,505.07,472.583,442.071,413.407,386.476,361.179,338.371,315.972,294.981,275.333,256.97,239.811,223.771,208.772,194.747,181.634,169.375,157.918,147.213,137.215,127.879,119.163,111.028,103.436,96.3538,89.7472,83.5857,77.8402,72.4834,67.4898,62.8355,58.498,54.4562,50.6905,681.324
1932,4385.59,4254.77,4034.42,3763.36,3399.82,3220.43,3074.35,2762.19,2824.14,2607.35,2404.83,2238.43,2091.19,1964.04,1857.37,1768.16,1680.75,1595.24,1501.72,1404.24,1315.65,1236.42,1166.54,1102.45,1043.78,989.097,936.694,885.652,835.792,787.107,739.771,694.352,650.98,609.792,570.952,534.429,500.158,468.049,437.944,409.668,383.105,358.148,334.705,313.569,292.812,273.36,255.152,238.135,222.234,207.369,193.47,180.473,168.32,156.96,146.343,136.423,127.157,118.505,110.428,102.89,95.8547,89.2913,83.169,77.4591,72.1347,67.1706,62.543,58.2299,54.2103,50.4647,678.36
1933,4377.97,4077.67,3943.94,3734.74,3480.32,3135.65,2940.8,2806.48,2521.03,2578.88,2385.7,2206.73,2060.14,1929.39,1815.22,1718.43,1636.79,1556.27,1477.23,1390.68,1300.43,1218.39,1145.01,1080.3,1020.95,966.615,915.974,867.445,820.176,774.002,728.916,685.08,643.019,602.853,564.71,528.742,494.919,463.182,433.447,405.567,379.382,354.782,331.671,309.961,290.387,271.165,253.151,236.289,220.53,205.804,192.038,179.167,167.131,155.877,145.356,135.524,126.337,117.757,109.744,102.264,95.2829,88.7682,82.69,77.0204,71.7326,66.8018,62.2047,57.9193,53.9249,50.2025,674.943
1934,4329.37,4070.5,3774.51,3643.85,3446.8,3212.66,2870.6,2691.47,2568.12,2307.89,2364.79,2192.9,2033.41,1902.24,1784.09,1679.98,1591.12,1515.85,1441.39,1368.23,1288.07,1204.48,1128.5,1060.54,1000.6,945.627,895.301,848.397,803.448,759.667,716.899,675.14,634.537,595.579,558.377,523.048,489.733,458.405,429.01,401.469,375.646,351.392,328.608,307.201,287.093,268.963,251.159,234.474,218.856,204.26,190.621,177.87,165.948,154.8,144.377,134.632,125.525,117.016,109.069,101.648,94.7197,88.2533,82.2192,76.5895,71.3381,66.4404,61.8734,57.6155,53.6462,49.9466,671.647
1935,5142.09,4024.65,3756.88,3473.02,3346.53,3162.93,2903.64,2593.17,2430.64,2321.02,2092.22,2153.24,2005.77,1866.91,1751.11,1644.97,1550.27,1468.84,1399.56,1330.88,1263.35,1189.35,1112.16,1042,979.249,923.905,873.148,826.679,783.369,741.866,701.44,661.951,623.392,585.902,549.93,515.579,482.958,452.196,423.27,396.128,370.697,346.853,324.459,303.421,283.655,265.088,248.348,231.908,216.502,202.081,188.604,176.01,164.237,153.229,142.935,133.311,124.313,115.904,108.048,100.709,93.8568,87.4597,81.4889,75.9173,70.7191,65.8702,61.348,57.131,53.1994,49.5344,666.285
1936,3899.88,4779.54,3704.55,3443.74,3175.63,3058.16,2833.74,2599.71,2320.85,2177.57,2087.68,1892.67,1959.39,1834.19,1713.1,1610.18,1514.23,1427.76,1353.03,1289.3,1226.07,1163.86,1095.68,1024.58,959.945,902.133,851.148,804.387,761.578,721.679,683.444,646.202,609.822,574.3,539.762,506.623,474.977,444.925,416.586,389.937,364.932,341.505,319.539,298.908,279.526,261.317,244.212,228.791,213.646,199.453,186.167,173.751,162.149,151.303,141.162,131.679,122.812,114.523,106.777,99.5387,92.7783,86.4656,80.5722,75.0717,69.9388,65.15,60.6829,56.5168,52.6319,49.0099,659.449
1937,3937.32,3625.71,4427.32,3426.03,3180.13,2914.06,2760.32,2556.35,2344.49,2094.75,1971.99,1899.64,1730.7,1799.07,1688.96,1580.21,1486.62,1398.61,1318.96,1250,1191.15,1132.73,1075.26,1012.27,946.584,886.867,833.457,786.352,743.152,703.601,666.74,631.415,597.008,563.398,530.58,498.671,468.055,438.818,411.054,384.872,360.252,337.151,315.507,295.213,276.153,258.247,241.424,225.621,211.373,197.381,184.269,171.995,160.524,149.805,139.785,130.416,121.655,113.463,105.805,98.648,91.9611,85.7154,79.8832,74.4385,69.3567,64.6146,60.1903,56.0633,52.2143,48.6252,654.526
1938,5019.7,3660.51,3362.47,4101.19,3168.95,2913.07,2618.33,2478.6,2294.6,2106.5,1889.47,1788.69,1733.01,1586.48,1654.71,1556.59,1457.9,1372.23,1291.24,1217.79,1154.14,1099.81,1045.87,992.808,934.65,873.997,818.86,769.545,726.053,686.165,649.647,615.612,582.997,551.228,520.195,489.894,460.432,432.163,405.169,379.533,355.359,332.627,311.297,291.313,272.575,254.977,238.444,222.911,208.32,195.165,182.246,170.139,158.806,148.215,138.318,129.066,120.415,112.326,104.762,97.6915,91.0834,84.9093,79.1425,73.7575,68.7303,64.0382,59.6597,55.5747,51.7642,48.2104,649.231
1939,4833.23,4666.77,3393.57,3113.27,3791.5,2903.06,2618.24,2351.85,2225.53,2062.31,1900.56,1714.17,1632,1588.7,1459.21,1525.02,1436.1,1345.7,1266.86,1192.17,1124.38,1065.62,1015.45,965.653,916.66,862.963,806.961,756.053,710.521,670.364,633.536,599.819,568.394,538.28,508.949,480.296,452.319,425.116,399.016,374.092,350.423,328.103,307.115,287.421,268.969,251.669,235.42,220.155,205.813,192.342,180.195,168.267,157.089,146.626,136.846,127.709,119.167,111.179,103.711,96.727,90.1986,84.0972,78.3967,73.0722,68.1003,63.4587,59.1264,55.0838,51.3121,47.7939,643.948
1940,4537.59,4493.21,4323.83,3139.4,2875.13,3466.84,2598.33,2341.76,2102.63,1991.86,1853.77,1718.96,1560.29,1493.41,1459.22,1343.3,1405.53,1324.29,1241.19,1168.56,1099.69,1037.16,982.964,936.689,890.753,845.56,796.028,744.37,697.411,655.41,618.368,584.396,553.295,524.307,496.529,469.472,443.042,417.235,392.143,368.067,345.076,323.243,302.654,283.294,265.127,248.107,232.148,217.16,203.079,189.85,177.423,166.219,155.216,144.905,135.253,126.232,117.803,109.924,102.556,95.6663,89.2244,83.2024,77.5743,72.316,67.4045,62.8182,58.5366,54.5404,50.8113,47.3321,638.087
1941,3997.6,4218.6,4162.88,3999.82,2899.93,2638.36,3129.11,2343.92,2111.8,1897.75,1803.79,1686.79,1571.87,1432.66,1375.21,1346.06,1240.26,1298.26,1223.42,1146.72,1079.64,1016.01,958.245,908.169,865.415,822.974,781.22,735.457,687.73,644.343,605.539,571.315,539.928,511.193,484.412,458.747,433.749,409.33,385.487,362.304,340.06,318.818,298.647,279.625,261.737,244.953,229.228,214.484,200.636,187.626,175.404,163.922,153.571,143.405,133.879,124.961,116.627,108.839,101.559,94.7522,88.3869,82.4352,76.8714,71.6715,66.8133,62.2755,58.0382,54.0824,50.3903,46.9449,633.264
1942,4039.62,3716.42,3899.91,3839.14,3682.71,2662.89,2386.95,2829.53,2118.91,1910.51,1722.02,1643.81,1544.01,1444.14,1319.66,1268.72,1242.84,1145.58,1199.33,1130.25,1059.41,997.44,938.659,885.292,839.028,799.529,760.319,721.744,679.464,635.371,595.288,559.437,527.819,498.822,472.275,447.532,423.822,400.727,378.167,356.139,334.721,314.17,294.546,275.91,258.336,241.81,226.304,211.776,198.154,185.361,173.342,162.05,151.443,141.879,132.487,123.686,115.447,107.748,100.553,93.8272,87.5384,81.6577,76.1591,71.0189,66.215,61.7266,57.5343,53.6196,49.965,46.5539,628.423
1943,4184.7,3754.73,3396.93,3563.76,3504.95,3359.32,2379.13,2132.46,2527.78,1895.35,1716.27,1556.26,1494.73,1411.16,1324.6,1213.03,1167.51,1144.29,1054.96,1104.54,1040.95,975.706,918.633,864.497,815.346,772.737,736.359,700.247,664.72,625.781,585.171,548.255,515.237,486.117,459.411,434.961,412.173,390.336,369.066,348.289,328.001,308.275,289.348,271.274,254.11,237.925,222.705,208.424,195.044,182.498,170.716,159.646,149.246,139.477,130.669,122.02,113.914,106.326,99.2347,92.6084,86.4141,80.6221,75.2061,70.1419,65.4078,60.9834,56.8497,52.9886,49.3832,46.0173,621.648
1944,4218.41,3888.22,3355.79,3034.42,3183.04,3195.31,3011.95,2133.01,1911.81,2268.53,1706.82,1553.02,1415.19,1364.8,1292.19,1215.02,1113.68,1072.34,1051.19,969.179,1014.75,956.327,896.391,843.958,794.223,749.067,709.922,676.501,643.325,610.685,574.912,537.603,503.688,473.354,446.601,422.066,399.603,378.668,358.606,339.065,319.976,301.338,283.215,265.827,249.222,233.454,218.584,204.602,191.482,179.189,167.663,156.838,146.669,137.114,128.139,120.047,112.101,104.654,97.6829,91.168,85.0804,79.3895,74.0684,69.0926,64.4401,60.0909,56.0261,52.2284,48.6812,45.3689,613.391
1945,4586.64,3918.33,3407.97,2939.07,2659.05,2899.27,2871.22,2706.35,1916.55,1719.23,2045.73,1545.24,1411.65,1290.66,1247.62,1182.9,1113.08,1020.58,982.83,963.487,888.334,930.103,876.559,821.622,773.562,727.976,686.587,650.707,620.073,589.664,559.747,526.957,492.761,461.674,433.871,409.35,386.861,366.272,347.083,328.694,310.783,293.287,276.203,259.592,243.654,228.435,213.981,200.352,187.536,175.51,164.243,153.678,143.756,134.435,125.677,117.451,110.034,102.75,95.9245,89.535,83.5636,77.9837,72.7676,67.8903,63.3295,59.0651,55.0786,51.3529,47.872,44.6206,603.812
1946,4018.23,4260.58,3448.86,2997.52,2585.86,2419.53,2596.84,2571.6,2423.87,1718.17,1546.29,1848.36,1402.68,1286.39,1179.33,1141.86,1083.56,1019.99,935.381,900.829,883.116,814.236,852.522,803.444,753.089,709.038,667.254,629.317,596.43,568.352,540.48,513.058,483.003,451.659,423.165,397.681,375.205,354.592,335.721,318.132,301.277,284.86,268.823,253.164,237.939,223.331,209.381,196.133,183.64,171.893,160.87,150.543,140.86,131.765,123.222,115.194,107.654,100.856,94.1798,87.9233,82.0668,76.5934,71.479,66.6979,62.2274,58.0471,54.1384,50.4844,47.0695,43.8789,594.346
1947,4215.05,3733.46,3828.91,3097.97,2690.06,2340.64,2131.94,2288,2265.67,2139.04,1524.7,1382.89,1666.25,1272.86,1172.74,1078.13,1045.4,992.685,934.703,857.247,825.605,809.378,746.25,781.34,736.36,690.21,649.837,611.541,576.772,546.631,520.897,495.352,470.22,442.675,413.948,387.833,364.476,343.877,324.985,307.689,291.57,276.122,261.076,246.378,232.026,218.072,204.683,191.898,179.757,168.307,157.541,147.438,137.973,129.099,120.763,112.933,105.576,98.6656,92.435,86.3162,80.5821,75.2146,70.1982,65.5108,61.1289,57.0317,53.2004,49.6181,46.2692,43.1394,584.936
1948,4066.7,3918.23,3447.34,3527.64,2845.93,2464.19,2107.37,1918.58,2058.48,2040.25,1932.96,1384.68,1262.34,1527.49,1170.36,1080.25,994.036,964.274,915.804,862.365,790.918,761.728,746.757,688.514,720.888,679.388,636.809,599.559,564.227,532.148,504.338,480.596,457.027,433.839,408.425,381.921,357.827,336.277,317.272,299.841,283.884,269.011,254.759,240.876,227.316,214.074,201.2,188.847,177.051,165.849,155.285,145.352,136.031,127.298,119.11,111.42,104.195,97.4078,91.0319,85.2833,79.6379,74.3475,69.3953,64.767,60.4423,56.3994,52.6192,49.0843,45.7792,42.6894,579.482
1949,4620.54,3779.5,3596.55,3151.56,3210.12,2598.16,2206.19,1885.7,1716.24,1843.27,1834.14,1747.45,1259.02,1153.3,1400.26,1075.05,993.327,914.496,887.288,842.745,793.585,727.841,700.98,687.203,633.604,663.397,625.206,586.022,551.744,519.229,489.708,464.117,442.268,420.578,399.24,375.853,351.462,329.289,309.458,291.969,275.929,261.244,247.557,234.441,221.666,209.187,197.002,185.154,173.786,162.931,152.622,142.901,133.76,125.183,117.146,109.611,102.534,95.8858,89.6394,83.772,78.4819,73.2867,68.4182,63.8609,59.6018,55.6219,51.9015,48.4228,45.1698,42.1282,572.552
1950,5040.48,4294.04,3466.23,3284.26,2863.78,2926.88,2319.94,1968.8,1682.24,1532.75,1653.13,1654.83,1586.37,1148.85,1056.19,1285.13,987.778,913.165,840.871,815.913,774.97,729.768,669.311,644.61,631.941,582.653,610.049,574.93,538.897,507.375,477.475,450.328,426.795,406.702,386.757,367.135,345.628,323.199,302.809,284.573,268.49,253.74,240.236,227.65,215.589,203.841,192.365,181.16,170.265,159.811,149.829,140.349,131.41,123.003,115.116,107.726,100.797,94.2887,88.175,82.431,77.0354,72.1707,67.3933,62.9163,58.7255,54.8088,51.149,47.7278,44.5288,41.5374,565.25
1951,4916.87,4684.42,3935.78,3162.83,2982.25,2617.88,2629.84,2083.47,1767.63,1511.71,1382.14,1498.08,1507.26,1451.02,1053.96,970.678,1182.19,909.045,840.523,774.026,751.065,713.38,671.771,616.119,593.381,581.719,536.347,561.567,529.238,496.069,467.052,439.528,414.539,392.876,374.38,356.02,337.957,318.16,297.513,278.744,261.957,247.152,233.574,221.143,209.557,198.455,187.641,177.077,166.762,156.733,147.11,137.921,129.195,120.966,113.228,105.967,99.1644,92.7859,86.7953,81.1674,75.8799,70.9131,66.435,62.0373,57.9161,54.0583,50.453,47.084,43.9347,40.9899,558.564
1952,6146.43,4567.02,4231.57,3523.62,2805.85,2700.36,2313.53,2322.4,1839.15,1562.3,1342.61,1236.07,1349.35,1365.7,1320.24,961.373,886.571,1080.4,830.975,768.403,707.629,686.643,652.191,614.151,563.272,542.485,531.822,490.342,513.399,483.843,453.519,426.991,401.828,378.982,359.177,342.268,325.483,308.969,290.87,271.994,254.835,239.488,225.953,213.539,202.175,191.583,181.433,171.546,161.888,152.458,143.29,134.492,126.091,118.113,110.59,103.516,96.8779,90.6586,84.8273,79.3505,74.2054,69.3713,64.8306,60.7366,56.7161,52.9484,49.4215,46.1254,43.0454,40.1662,548.128
1953,4870.14,5711.92,4176.74,3850.05,3188.72,2565.6,2429.87,2080.8,2088.23,1655.07,1410.45,1217.68,1126.36,1234.42,1252.83,1213.14,884.15,815.68,994.171,764.693,707.124,651.2,631.887,600.183,565.176,518.355,499.225,489.413,451.241,472.458,445.259,417.354,392.941,369.785,348.76,330.535,314.974,299.527,284.331,267.675,250.304,234.513,220.39,207.934,196.511,186.052,176.305,166.964,157.866,148.979,140.301,131.863,123.767,116.036,108.695,101.771,95.2611,89.1525,83.4291,78.0628,73.0227,68.2879,63.8394,59.6607,55.8932,52.1933,48.726,45.4804,42.4472,39.6128,541.381
1954,5772.36,4527.16,5259.82,3834.47,3523.16,2933.92,2336.16,2211.9,1893.82,1901.6,1510.31,1290.92,1117.91,1036.71,1138.2,1156.42,1120.42,816.783,753.608,918.549,706.534,653.345,601.674,583.831,554.537,522.193,478.932,461.257,452.191,416.922,436.526,411.396,385.613,363.057,341.661,322.236,305.397,291.019,276.747,262.707,247.317,231.268,216.678,203.629,192.12,181.566,171.903,162.897,154.266,145.86,137.648,129.63,121.834,114.354,107.211,100.428,94.0313,88.0162,82.3722,77.0841,72.1259,67.4691,63.0944,58.9842,55.1234,51.6424,48.2239,45.0203,42.0215,39.2189,536.807
1955,8954.86,5364.89,4151.51,4802.57,3485.26,3228.99,2651.6,2110.5,1997.78,1711.73,1723.59,1374.41,1179.61,1025.02,952.86,1047.66,1065.24,1032.43,752.743,694.554,846.583,651.181,602.16,554.537,538.091,511.093,481.283,441.411,425.121,416.765,384.259,402.327,379.166,355.402,334.613,314.894,296.991,281.471,268.22,255.066,242.125,227.942,213.149,199.703,187.676,177.069,167.341,158.435,150.135,142.18,134.433,126.865,119.475,112.29,105.395,98.812,92.5601,86.6646,81.1207,75.9188,71.045,66.4753,62.1833,58.1514,54.3632,50.8048,47.5965,44.4458,41.4932,38.7294,530.898
1956,7456.4,8323.25,4927.87,3798.81,4376.72,3197.47,2923.27,2399.62,1909.52,1808.78,1553.94,1570.66,1257.38,1082.68,942.949,877.772,965.796,982.324,952.191,694.276,640.616,780.841,600.614,555.399,511.474,496.306,471.404,443.908,407.133,392.108,384.401,354.419,371.084,349.722,327.803,308.629,290.441,273.928,259.613,247.391,235.259,223.323,210.241,196.597,184.195,173.102,163.318,154.346,146.132,138.476,131.139,123.993,117.013,110.197,103.57,97.2109,91.1387,85.3723,79.9346,74.8212,70.0233,65.528,61.3131,57.3545,53.6356,50.1416,46.8595,43.9004,40.9944,38.2711,525.393
1957,7867.53,6925.92,7481.73,4383.66,3346.98,4000.63,2893.83,2644.62,2170.42,1727.94,1639.93,1412.77,1432.04,1149.12,991.118,864.067,804.763,885.677,900.919,873.312,636.768,587.555,716.165,550.866,509.396,469.11,455.197,432.358,407.14,373.411,359.63,352.561,325.063,340.348,320.755,300.652,283.066,266.384,251.239,238.109,226.9,215.773,204.825,192.827,180.313,168.938,158.764,149.791,141.562,134.028,127.006,120.277,113.723,107.321,101.069,94.9911,89.159,83.5898,78.301,73.3137,68.6239,64.2233,60.1004,56.2346,52.6039,49.193,45.9884,42.9782,40.2642,37.5988,516.976
1958,7211.5,7312.39,6360.41,6844.2,3993.14,3065.55,3608.27,2608.88,2383.62,1957.78,1563.49,1490.41,1289.8,1312.34,1055.87,912.14,795.877,741.537,816.217,830.309,804.879,586.873,541.516,660.049,507.702,469.482,432.352,419.53,398.48,375.238,344.152,331.451,324.936,299.592,313.679,295.621,277.094,260.886,245.511,231.553,219.452,209.121,198.865,188.776,177.717,166.185,155.701,146.324,138.054,130.469,123.526,117.054,110.853,104.812,98.9115,93.1499,87.5479,82.1728,77.04,72.1656,67.5691,63.2467,59.191,55.3911,51.8283,48.482,45.3384,42.3849,39.6106,37.1092,511.121
1959,10571.7,6703.99,6737.03,5843.09,6269.29,3683.52,2807.58,3303.91,2388.52,2183.09,1795.65,1436.95,1372.68,1190.01,1212.3,976.102,843.559,736.168,685.953,755.054,768.095,744.572,542.901,500.943,610.594,469.662,434.305,399.958,388.096,368.623,347.123,318.366,306.616,300.59,277.145,290.177,273.472,256.332,241.338,227.116,214.203,203.009,193.452,183.965,174.632,164.402,153.733,144.035,135.36,127.71,120.694,114.271,108.284,102.547,96.959,91.5005,86.1705,80.9883,76.0159,71.2677,66.7585,62.5064,58.5079,54.7561,51.2409,47.945,44.8494,41.9414,39.2092,36.6427,507.153
1960,7120,9826.44,6160.07,6167.54,5328.72,5762.62,3349.15,2551.9,3002.48,2171.82,1989.36,1641.41,1317.73,1262.15,1096.23,1118.03,900.729,778.63,679.578,633.247,697.047,709.088,687.373,501.194,462.459,563.687,433.581,400.941,369.232,358.282,340.305,320.456,293.908,283.061,277.498,255.854,267.884,252.463,236.64,222.798,209.668,197.748,187.414,178.591,169.832,161.216,151.772,141.923,132.969,124.961,117.899,111.422,105.492,99.9653,94.669,89.5103,84.4711,79.5507,74.7665,70.1762,65.7927,61.6299,57.7045,54.0132,50.5496,47.3044,44.2617,41.404,38.7193,36.197,502.02
1961,7855.92,6617.41,9009.82,5623.53,5604.74,4884.99,5211.33,3027.53,2306.32,2715.45,1969.57,1811.13,1500.35,1208.51,1160.25,1009.15,1029.97,830.063,717.64,626.376,583.68,642.489,653.588,633.572,461.966,426.262,519.567,399.645,369.559,340.332,330.239,313.669,295.374,270.904,260.906,255.778,235.828,246.917,232.703,218.118,205.36,193.258,182.27,172.745,164.613,156.54,148.598,139.893,130.815,122.562,115.181,108.671,102.701,97.2352,92.141,87.2593,82.5044,77.8596,73.3242,68.9146,64.6835,60.6431,56.8062,53.188,49.7856,46.5931,43.6019,40.7974,38.1633,35.6888,496.091
1962,10802.7,7303.16,6101.15,8284.85,5156.76,5167.82,4467.99,4765.33,2768.06,2109.53,2487.77,1808.59,1667.05,1383.72,1116.11,1072.44,933.179,952.625,767.792,663.821,579.407,539.913,594.313,604.58,586.065,427.326,394.3,480.608,369.678,341.848,314.813,305.476,290.149,273.226,250.59,241.342,236.599,218.145,228.402,215.254,201.763,189.961,178.766,168.603,159.792,152.269,144.802,137.455,129.403,121.006,113.372,106.544,100.522,95,89.9441,85.2319,80.7162,76.3179,72.0214,67.8261,63.7471,59.8333,56.0958,52.5466,49.1997,46.0525,43.0993,40.3325,37.7382,35.3017,491.905
1963,6751.77,10039.9,6675.54,5547.33,7495.12,4745.47,4720.69,4080.35,4351.27,2528.46,1929.73,2280.46,1661.43,1534.14,1274.99,1029.19,989.303,860.993,878.997,708.467,612.535,534.643,498.201,548.398,557.871,540.787,394.312,363.837,443.478,341.118,315.438,290.491,281.876,267.733,252.117,231.23,222.697,218.32,201.292,210.757,198.624,186.175,175.285,164.955,155.577,147.447,140.505,133.615,126.836,119.406,111.657,104.613,98.3127,92.7564,87.6605,82.9952,78.6471,74.4803,70.4217,66.4572,62.586,58.8221,55.2107,51.762,48.487,45.3987,42.4946,39.7696,37.2165,34.8226,486.476
1964,11080.9,6276.62,9247.56,6130.54,5079.53,6917.3,4351.44,4327.84,3740.36,3990.02,2321.52,1775.05,2101.64,1533.56,1417.63,1178.95,951.989,915.241,796.588,813.263,655.491,566.733,494.665,460.948,507.391,516.157,500.35,364.827,336.631,410.317,315.611,291.851,268.77,260.799,247.713,233.265,213.94,206.045,201.995,186.24,194.997,183.772,172.254,162.178,152.621,143.944,136.421,129.999,123.624,117.352,110.477,103.308,96.7905,90.9614,85.8205,81.1057,76.7892,72.7663,68.911,65.156,61.4878,57.9061,54.4237,51.0823,47.8915,44.8614,42.004,39.317,36.7958,34.4336,482.318
1965,7804.84,10300.7,5774.57,8479.72,5603.33,4686.38,6340.85,3987.98,3965.89,3428.67,3662.21,2134.7,1635.29,1939.2,1416.59,1310.37,1090.12,880.405,846.473,736.751,752.179,606.258,524.166,457.512,426.327,469.282,477.389,462.769,337.426,311.347,379.498,291.906,269.931,248.583,241.211,229.108,215.745,197.871,190.569,186.823,172.252,180.351,169.969,159.316,149.997,141.158,133.132,126.175,120.235,114.339,108.537,102.179,95.5485,89.5207,84.1294,79.3747,75.014,71.0217,67.3009,63.7353,60.2622,56.8696,53.5569,50.336,47.2456,44.2945,41.4919,38.8491,36.364,34.0321,477.939
1966,110171,7255.54,9483.26,5299.82,7759.14,5173.67,4302.53,5820.41,3660.28,3641.04,3151.37,3371.45,1968.47,1510.03,1792.4,1310.11,1212.25,1008.64,814.639,783.257,681.733,696.01,560.986,485.024,423.347,394.491,434.238,441.74,428.212,312.228,288.097,351.159,270.108,249.774,230.02,223.198,211.999,199.634,183.095,176.338,172.872,159.389,166.884,157.276,147.419,138.796,130.617,123.191,116.753,111.256,105.8,100.432,94.5491,88.4134,82.8357,77.847,73.4474,69.4123,65.7182,62.2752,58.9758,55.7621,52.6228,49.5575,46.5772,43.7175,40.9868,38.3935,35.9481,33.6485,473.74
1967,5386.65,102414,6671.45,8689.52,4840.36,7168.17,4758.29,3956.45,5351.76,3366.3,3351.55,2904.45,3111.31,1818.55,1396.08,1657.89,1212.09,1121.67,933.307,753.81,724.775,630.832,644.044,519.1,448.811,391.739,365.037,401.817,408.758,396.24,288.916,266.587,324.94,249.94,231.124,212.846,206.533,196.17,184.728,169.425,163.172,159.965,147.488,154.423,145.533,136.412,128.433,120.864,113.993,108.036,102.95,97.9008,92.9337,87.4897,81.8121,76.6509,72.0347,67.9635,64.2297,60.8114,57.6255,54.5725,51.5987,48.6938,45.8574,43.0996,40.4534,37.9265,35.5269,33.2641,469.505
1968,7754.72,5006.13,93759.6,6078.19,7877.34,4433.5,6473.28,4295.2,3570.55,4833.3,3048.81,3047.76,2652.21,2850.97,1670.44,1284.26,1526.27,1116.25,1033.12,859.674,694.349,667.606,581.074,593.243,478.155,413.409,360.839,336.244,370.122,376.516,364.985,266.127,245.559,299.31,230.226,212.894,196.057,190.242,180.697,170.157,156.061,150.301,147.347,135.855,142.243,134.054,125.652,118.303,111.331,105.001,99.5139,94.8291,90.1786,85.6033,80.5887,75.359,70.6048,66.3527,62.6027,59.1634,56.0147,53.0801,50.2679,47.5287,44.853,42.2402,39.6999,37.2625,34.935,32.7246,463.112
1969,5142.04,7209.54,4624.65,86436.8,5590.92,7267.47,4057.48,5922.9,3929.5,3267.92,4430.8,2801.37,2807.05,2447.57,2634.64,1544.97,1188.32,1412.53,1033.15,956.236,795.703,642.681,617.929,537.836,549.099,442.575,382.647,333.989,311.224,342.581,348.499,337.826,246.324,227.287,277.038,213.094,197.052,181.468,176.086,167.251,157.496,144.448,139.117,136.383,125.746,131.658,124.079,116.303,109.5,103.047,97.1879,92.109,87.7728,83.4683,79.2335,74.592,69.7514,65.351,61.4154,57.9443,54.761,51.8466,49.1304,46.5274,43.992,41.5154,39.0971,36.7458,34.4898,32.3354,458.941
1970,7276.32,4780.01,6661.46,4264.47,79484.4,5119.82,6536.58,3647.68,5323.25,3535.04,2950.57,4021.28,2556.02,2572.58,2250.12,2426.64,1424.39,1096.06,1303.11,953.172,882.231,734.125,592.947,570.11,496.215,506.607,408.326,353.036,308.143,287.139,316.07,321.53,311.683,227.262,209.698,255.599,196.604,181.803,167.425,162.46,154.308,145.308,133.27,128.352,125.829,116.015,121.47,114.477,107.302,101.026,95.0722,89.6669,84.981,80.9804,77.009,73.1019,68.8196,64.3536,60.2938,56.6626,53.4602,50.5232,47.8344,45.3283,42.9268,40.5877,38.3027,36.0715,33.9022,31.8208,453.258
1971,5396.86,6762.35,4364.15,6047.6,3851.2,73182.8,4684.54,5979.45,3336.34,4870.36,3238.23,2707.56,3696.73,2353.26,2371,2075.12,2238.65,1314.25,1011.37,1202.43,879.54,814.081,677.416,547.143,526.071,457.883,467.472,376.784,325.764,284.339,264.958,291.654,296.692,287.606,209.707,193.499,235.854,181.416,167.759,154.492,149.91,142.388,134.083,122.975,118.437,116.109,107.053,112.086,105.634,99.0134,93.2217,87.7281,82.7403,78.4164,74.7248,71.0602,67.4549,63.5034,59.3824,55.6362,52.2856,49.3305,46.6204,44.1393,41.8268,39.6108,37.4523,35.3439,33.2851,31.2833,447.607
1972,5943.43,5016.38,6195.24,3979.8,5492.04,3557.45,67382.4,4312.62,5504.27,3071.66,4486.75,2985.82,2498.79,3414.3,2174.63,2191.73,1918.54,2069.9,1215.21,935.165,1111.84,813.275,752.747,626.379,505.921,486.436,423.386,432.253,348.396,301.221,262.917,244.996,269.681,274.339,265.938,193.907,178.921,218.085,167.748,155.12,142.852,138.615,131.66,123.981,113.71,109.514,107.361,98.9873,103.642,97.6753,91.5536,86.1983,81.1186,76.5066,72.5084,69.0949,65.7065,62.3728,58.719,54.9085,51.4445,48.3463,45.6139,43.108,40.8138,38.6755,36.6265,34.6306,32.681,30.7773,442.811
1973,9005.21,5523.04,4566.47,5602.71,3577.35,5049.9,3248.6,61516,3936.58,5025.99,2808.52,4110.27,2740.7,2297.45,3142.82,2003.12,2019.61,1768.17,1907.78,1120.06,861.949,1024.79,749.603,693.815,577.34,466.312,448.353,390.239,398.411,321.12,277.638,242.333,225.815,248.567,252.861,245.117,178.726,164.913,201.011,154.615,142.976,131.668,127.763,121.353,114.275,104.808,100.94,98.9557,91.2376,95.5276,90.0282,84.3858,79.4498,74.7678,70.5168,66.8317,63.6855,60.5623,57.4896,54.1219,50.6097,47.4169,44.5613,42.0428,39.733,37.6185,35.6476,33.759,31.9194,30.1224,436.51
1974,7072.02,8367.51,5007.21,4107.79,5005.02,3294.4,4635.1,2981.18,56446.2,3612.62,4615.16,2581.2,3781,2523.05,2116.12,2895.69,1845.91,1861.25,1629.57,1758.26,1032.28,794.397,944.48,690.856,639.439,532.092,429.766,413.214,359.655,367.187,295.953,255.879,223.341,208.118,229.086,233.044,225.907,164.719,151.988,185.257,142.498,131.77,121.349,117.75,111.842,105.319,96.5936,93.0288,91.2003,84.0871,88.0409,82.9725,77.7723,73.2231,68.908,64.9902,61.5939,58.6943,55.8159,52.984,49.8802,46.6433,43.7007,41.0689,38.7478,36.6191,34.6702,32.8538,31.1132,29.4178,430.062
1975,10465.9,6571.38,7616.66,4527.97,3690.94,4583.78,2980.71,4192.08,2695.64,51071.1,3276.49,4200.18,2357.45,3463.46,2315.94,1944.84,2663.05,1698.12,1712.43,1499.34,1617.76,949.798,730.921,869.011,635.653,588.345,489.576,395.426,380.196,330.917,337.847,272.305,235.433,205.495,191.488,210.781,214.422,207.856,151.557,139.844,170.454,131.111,121.241,111.653,108.341,102.905,96.9031,88.8753,85.5953,83.9129,77.3681,81.006,76.3426,71.5579,67.3722,63.4019,59.7972,56.6723,54.0043,51.3559,48.7503,45.8945,42.9162,40.2088,37.7873,35.6517,33.693,31.8999,30.2286,28.6271,422.765
1976,17047.9,9722.16,5961.85,6857.63,4043.46,3337.29,4030.84,2619.04,3681.76,2370.92,45170.7,2921.12,3775.46,2133.58,3149.6,2112.16,1776.39,2434.07,1552.53,1565.77,1370.97,1479.26,868.486,668.347,794.616,581.235,537.977,447.663,361.573,347.648,302.587,308.924,248.993,215.278,187.902,175.095,192.736,196.066,190.061,138.582,127.872,155.862,119.887,110.862,102.094,99.0662,94.0955,88.6073,81.2667,78.2675,76.7291,70.7446,74.0711,69.8069,65.4319,61.6045,57.9741,54.678,51.8206,49.381,46.9593,44.5768,41.9655,39.2422,36.7665,34.5523,32.5995,30.8086,29.1689,27.6408,412.748
1977,6783.28,15828.8,8817.98,5365.46,6106.46,3546.54,2734.85,3297.24,2140.19,3019.47,1971.33,38299.9,2527.18,3321.52,1899.25,2823.62,1900.58,1601.15,2195.44,1400.66,1412.7,1236.97,1334.69,783.605,603.027,716.954,524.428,485.397,403.911,326.235,313.67,273.013,278.731,224.658,194.237,169.538,157.982,173.899,176.903,171.486,125.038,115.374,140.628,108.17,100.027,92.1158,89.3839,84.899,79.9472,73.324,70.6179,69.23,63.8303,66.8317,62.9843,59.0368,55.5835,52.308,49.334,46.7558,44.5547,42.3697,40.22,37.864,35.4068,33.1731,31.1753,29.4134,27.7975,26.3181,397.347
1978,4421.67,6302.04,14383.6,7955.98,4805.26,5550.34,3154.94,2431.32,2930.25,1904.1,2697.98,1772.3,34651.4,2298.51,3032.16,1737.66,2586.39,1741.83,1467.72,2012.63,1284.06,1295.11,1134,1223.59,718.378,552.83,657.275,480.774,444.993,370.289,299.079,287.56,250.288,255.529,205.957,178.069,155.425,144.831,159.424,162.178,157.211,114.63,105.77,128.922,99.1656,91.7002,84.448,81.9435,77.832,73.2923,67.2204,64.7397,63.4672,58.517,61.2685,57.7414,54.1225,50.9567,47.9538,45.2274,42.8638,40.8459,38.8428,36.8721,34.7121,32.4595,30.4118,28.5803,26.965,25.4836,388.399
1979,29354.5,4106.5,5695.2,12884.2,7057.44,4311.18,4800.54,2725.91,2099.46,2535.13,1659.52,2376.25,1577.91,31129.7,2077.98,2751.68,1580.06,2353.95,1585.87,1336.47,1832.73,1169.3,1179.36,1032.65,1114.23,654.172,503.421,598.53,437.805,405.221,337.194,272.348,261.859,227.918,232.691,187.549,162.154,141.534,131.887,145.175,147.683,143.16,104.384,96.3169,117.4,90.3025,83.5044,76.9003,74.6197,70.8757,66.7417,61.2126,58.9535,57.7948,53.287,55.7926,52.5807,49.2853,46.4024,43.6679,41.1851,39.0328,37.1953,35.3712,33.5766,31.6097,29.5584,27.6937,26.0259,24.555,376.891
1980,5319.18,27229.9,3648.4,4988.76,11091,6049.04,3375.06,3748.93,2125.79,1645.11,2023.16,1359.34,1999.31,1357.58,27205.6,1833.25,2439.61,1404.02,2093.58,1410.9,1189.14,1630.73,1040.42,1049.38,918.839,991.425,582.072,447.936,532.562,389.551,360.559,300.03,242.331,232.998,202.798,207.045,166.878,144.282,125.934,117.351,129.174,131.406,127.381,92.8795,85.7012,104.46,80.3497,74.3008,68.4246,66.3954,63.064,59.3857,54.4659,52.4558,51.4248,47.4139,49.6433,46.7854,43.8532,41.2881,38.855,36.6458,34.7308,33.0958,31.4727,29.8759,28.1258,26.3006,24.6414,23.1574,357.2
1981,9964.89,4939.95,24492.1,3248.06,4395.66,10022.6,5329.7,2971.4,3299.11,1873.16,1456.94,1804.71,1221.6,1807.87,1232.92,24772,1671.54,2225.8,1281.29,1910.74,1287.72,1085.32,1488.36,949.591,957.763,838.622,904.871,531.256,408.83,486.068,355.543,329.081,273.836,221.175,212.657,185.093,188.969,152.309,131.686,114.94,107.106,117.897,119.934,116.261,84.7709,78.2192,95.3407,73.335,67.8142,62.451,60.5989,57.5583,54.2011,49.7109,47.8763,46.9353,43.2745,45.3093,42.7009,40.0247,37.6835,35.4628,33.4466,31.6987,30.2064,28.7251,27.2677,25.6703,24.0045,22.4901,347.151
1982,6068.59,9252.71,4427.31,21702.1,2844.71,3949.76,8727.12,4636.44,2583.52,2873.1,1641.57,1288.31,1610.64,1098.65,1634.7,1118.46,22510.4,1520.11,2024.79,1165.71,1738.43,1171.6,987.459,1354.16,863.966,871.401,763.003,823.278,483.352,371.965,442.239,323.483,299.407,249.144,201.231,193.481,168.403,171.929,138.575,119.811,104.576,97.4476,107.266,109.119,105.777,77.1269,71.1661,86.7436,66.7222,61.6992,56.8197,55.1346,52.3682,49.3137,45.2284,43.5592,42.703,39.3724,41.2237,38.8505,36.4156,34.2855,32.2651,30.4306,28.8404,27.4826,26.1349,24.8089,23.3556,21.84,336.31
1983,2068.97,5631.05,8174.22,3865.59,18599.7,2354.65,3172.46,7153.12,3858.97,2173.36,2447.11,1418.07,1128.42,1426.92,981.13,1466.87,1006.15,20273.3,1369.68,1824.7,1050.56,1566.73,1055.89,889.933,1220.41,778.636,785.336,687.644,741.966,435.613,335.227,398.56,291.533,269.836,224.537,181.356,174.371,151.77,154.948,124.889,107.978,94.2471,87.8231,96.6717,98.3417,95.33,69.5094,64.1372,78.1763,60.1323,55.6054,51.2078,49.6891,47.196,44.4432,40.7613,39.257,38.4854,35.4837,37.1522,35.0134,32.819,30.8993,29.0784,27.4251,25.9919,24.7683,23.5536,22.3586,21.0488,322.777
1984,12587.8,1920.89,5047.16,7264.98,3388.98,15844.6,1952.34,2668.59,6083.14,3307.93,1881.75,2143.75,1256.71,1009.6,1285.22,887.258,1329.32,912.674,18396.9,1243.07,1656.1,953.502,1421.99,958.337,807.714,1107.66,706.698,712.78,624.113,673.416,395.367,304.256,361.738,264.599,244.906,203.792,164.601,158.261,137.748,140.633,113.35,98.0018,85.5396,79.7091,87.7402,89.2559,86.5225,63.0874,58.2116,70.9536,54.5767,50.4681,46.4767,45.0984,42.8355,40.3371,36.9954,35.6301,34.9298,32.2054,33.7197,31.7785,29.7868,28.0445,26.3918,24.8913,23.5905,22.4799,21.3775,20.2929,312.06
1985,11713.8,11685.7,1709.43,4446.64,6304.11,2879.83,13293.1,1667.27,2309.61,5309.61,2910.48,1669.56,1917.3,1131.37,913.083,1165.57,805.818,1208.1,829.666,16725.2,1130.15,1505.66,866.89,1292.82,871.286,734.344,1007.04,642.504,648.033,567.421,612.245,359.453,276.618,328.878,240.563,222.659,185.28,149.649,143.885,125.235,127.858,103.054,89.0997,77.7695,72.4686,79.7702,81.1482,78.6631,57.3568,52.9239,64.5084,49.6191,45.8837,42.2549,41.0018,38.9445,36.673,33.6348,32.3935,31.7568,29.28,30.6567,28.8918,27.0811,25.497,23.9945,22.6302,21.4476,20.4379,19.4356,302.163
1986,7964.57,10873.7,10411,1508.09,3863.37,5335.16,2386.48,11205.2,1423.63,1989.35,4617.14,2557.93,1482.59,1717.14,1019.31,825.6,1055.87,730.605,1095.71,752.573,15171.6,1025.18,1365.82,786.375,1172.75,790.362,666.139,913.511,582.829,587.844,514.719,555.38,326.067,250.926,298.333,218.22,201.979,168.071,135.75,130.521,113.604,115.983,93.4823,80.8241,70.5463,65.7378,72.3612,73.6112,71.3569,52.0295,48.0083,58.5169,45.0105,41.6221,38.3303,37.1935,35.3274,33.2668,30.5109,29.3849,28.8073,26.5605,27.8093,26.2084,24.5658,23.1289,21.7659,20.5284,19.4556,18.5397,291.729
1987,1709.88,7393.33,9684.62,9181.32,1309.65,3267.78,4418.88,2010.86,9565.03,1225.93,1729.54,4057.11,2271.09,1327.61,1546.85,921.532,747.809,957.204,662.558,993.778,682.587,13760.9,929.851,1238.82,713.253,1063.69,716.868,604.196,828.566,528.633,533.182,466.856,503.736,295.747,227.593,270.591,197.928,183.197,152.443,123.127,118.384,103.04,105.198,84.7896,73.3085,63.9863,59.6249,65.6324,66.7662,64.7215,47.1914,43.5441,53.0755,40.8251,37.7517,34.766,33.735,32.0423,30.1734,27.6737,26.6524,26.1286,24.0906,25.2234,23.7713,22.2815,20.9782,19.7419,18.6195,17.6464,281.417
1988,9109.95,1587.17,6577.04,8528.35,7958.34,1105.01,2698.77,3714.43,1713,8221.74,1064.13,1517.71,3598.16,2031.83,1195.02,1397.49,834.15,677.493,867.503,600.542,900.793,618.724,12473.4,842.856,1122.92,646.522,964.176,649.799,547.668,751.046,479.174,483.298,423.178,456.607,268.077,206.3,245.275,179.41,166.058,138.18,111.607,107.308,93.3995,95.3555,76.8567,66.4497,57.9998,54.0464,59.4919,60.5196,58.6662,42.7762,39.4702,48.1098,37.0055,34.2197,31.5133,30.5788,29.0445,27.3504,25.0846,24.1588,23.684,21.8367,22.8635,21.5473,20.1968,19.0155,17.8949,16.8774,271.083
1989,5807.85,8458.64,1423.32,5849.19,7485.23,6813.31,925.783,2293.7,3191.39,1482.98,7180.96,938.858,1352.37,3232.42,1835.75,1083.42,1269.26,758.23,616.033,788.897,546.145,819.206,562.686,11343.7,766.517,1021.21,587.965,876.849,590.945,498.065,683.022,435.775,439.524,384.849,415.251,243.797,187.615,223.06,163.161,151.017,125.665,101.498,97.5893,84.9401,86.719,69.8956,60.4312,52.7466,49.1513,54.1036,55.0382,53.3527,38.9018,35.8953,43.7524,33.6538,31.1203,28.6591,27.8092,26.4138,24.8732,22.8126,21.9707,21.5389,19.8589,20.7927,19.5957,18.3676,17.2932,16.2741,261.879
1990,16734.3,5392.59,7572.63,1263.2,5121.81,6411.96,5739.66,791.822,1984.42,2782.18,1303.28,6367,839.628,1218.01,2925.73,1666.53,985.078,1154.87,690.094,560.731,718.098,497.135,745.693,512.192,10325.7,697.732,929.571,535.202,798.163,537.915,453.369,621.729,396.669,400.082,350.314,377.987,221.919,170.778,203.043,148.519,137.465,114.388,92.3902,88.8318,77.3178,78.937,63.6233,55.0083,48.0132,44.7406,49.2484,50.0992,48.5649,35.4109,32.6741,39.8261,30.6338,28.3276,26.0873,25.3136,24.0435,22.6411,20.7655,19.9991,19.606,18.0768,18.9268,17.8372,16.7193,15.7413,253.193
1991,699.509,15539.3,4835.29,6733.69,1109.03,4410.98,5448.75,4949.31,690.364,1742.59,2460.75,1161.66,5717.61,758.624,1105.23,2661.67,1518.16,897.93,1052.96,629.251,511.306,654.806,453.319,679.97,467.049,9415.67,636.236,847.641,488.031,727.815,490.504,413.411,566.931,361.708,364.82,319.438,344.672,202.359,155.726,185.147,135.429,125.349,104.306,84.2471,81.0024,70.5032,71.9797,58.0157,50.16,43.7815,40.7973,44.9078,45.6836,44.2845,32.2898,29.7943,36.316,27.9338,25.8309,23.788,23.0825,21.9244,20.6456,18.9352,18.2364,17.878,16.4836,17.2586,16.2651,15.2457,245.231
1992,3716.65,649.497,13919.9,4294.47,5901.21,949.877,3709.2,4650.56,4272.08,600.444,1528.28,2178.23,1037.62,5145.23,686.239,1002.91,2419.22,1380.9,816.991,958.147,572.608,465.284,595.869,412.517,618.768,425.011,8568.18,578.969,771.346,444.104,662.305,446.355,376.2,515.902,329.151,331.983,290.686,313.649,184.145,141.71,168.482,123.239,114.067,94.9177,76.6641,73.7115,64.1572,65.5008,52.7938,45.6451,39.8407,37.1251,40.8657,41.5716,40.2985,29.3835,27.1125,33.0472,25.4195,23.5059,21.6469,21.0049,19.951,18.7873,17.2309,16.595,16.2688,14.9999,15.7052,14.8011,237.031
1993,1925.04,3450.68,580.279,12323.1,3748.6,5037.77,797.791,3165.64,4017.37,3719.89,527.15,1353.8,1946.36,933.796,4653.52,622.523,911.218,2199.61,1255.91,743.116,871.535,520.851,423.228,542.009,375.23,562.838,386.595,7793.71,526.636,701.625,403.962,602.439,406.009,342.195,469.27,299.399,301.975,264.411,285.298,167.5,128.901,153.253,112.099,103.756,86.3381,69.7345,67.0487,58.3581,59.5802,48.0218,41.5193,36.2396,33.7694,37.1718,37.814,36.656,26.7275,24.6618,30.0601,23.1219,21.3812,19.6902,19.1063,18.1476,17.0891,15.6734,15.095,14.7983,13.6441,14.2856,229.069
1994,4918.48,1787.69,3098.65,516.932,10844.5,3238.71,4297.57,690.19,2767.83,3536.73,3297.43,470.746,1217.59,1760.78,848.226,4237.5,567.601,831.313,2007.2,1146.14,678.183,795.385,475.343,386.249,494.652,342.445,513.661,352.817,7112.74,480.622,640.321,368.666,549.802,370.534,312.296,428.268,273.239,275.59,241.308,260.371,152.865,117.638,139.863,102.305,94.6908,78.7944,63.6415,61.1904,53.2591,54.3745,43.8259,37.8916,33.0732,30.8188,33.924,34.51,33.4532,24.3922,22.507,27.4336,21.1016,19.513,17.9698,17.4369,16.562,15.596,14.3039,13.7761,13.5053,12.4519,222.092
1995,12169.7,4568.39,1616.34,2783.63,459.618,9447.84,2770.35,3716.99,601.978,2428.49,3125.45,2938.21,422.89,1101.17,1599.92,772.917,3866.99,518.322,759.344,1833.6,1047.05,619.551,726.622,434.248,352.857,451.888,312.839,469.252,322.314,6497.81,439.07,584.962,336.793,502.269,338.5,285.297,391.242,249.616,251.764,220.446,237.86,139.649,107.468,127.771,93.4601,86.5043,71.9823,58.1394,55.9002,48.6546,49.6735,40.037,34.6157,30.2138,28.1544,30.9911,31.5265,30.561,22.2834,20.5612,25.0618,19.2773,17.826,16.4162,15.9294,15.1301,14.2476,13.0673,12.5851,12.3377,214.267
1996,352.184,11302,4115.67,1445.61,2461.16,397.731,8025.43,2382.96,3227.72,526.201,2139.11,2777.14,2633.17,381.664,998.729,1455.4,704.189,3525.63,472.7,692.576,1672.43,955.018,565.097,662.757,396.08,321.843,412.17,285.343,428.008,293.985,5926.69,400.479,533.548,307.191,458.123,308.748,260.221,356.854,227.677,229.636,201.07,216.954,127.375,98.0219,116.541,85.2455,78.9011,65.6554,53.0293,50.9869,44.3782,45.3075,36.5179,31.5732,27.5582,25.6798,28.2672,28.7555,27.8749,20.3248,18.754,22.8591,17.5829,16.2592,14.9734,14.5293,13.8003,12.9954,11.9188,11.4789,206.687
1997,270.647,326.976,10105.5,3647.05,1263.15,2098.49,332.449,6813.63,2047.15,2795.15,459.731,1887.5,2474.28,2364.73,344.667,904.942,1321.04,639.69,3203.73,429.589,629.434,1519.96,867.958,513.582,602.339,359.973,292.503,374.595,259.33,388.99,267.184,5386.4,363.97,484.908,279.187,416.359,280.601,236.499,324.323,206.921,208.701,182.74,197.176,115.763,89.0859,105.916,77.4743,71.7083,59.6701,48.195,46.3388,40.3325,41.1772,33.1889,28.6949,25.0459,23.3388,25.6903,26.1341,25.3337,18.4719,17.0443,20.7752,15.98,14.777,13.6083,13.2048,12.5422,11.8107,10.8322,198.277
1998,2947.39,251.264,292.994,8973.92,3025.01,1036.25,1737.69,279.679,5836.87,1783.04,2468.54,410.384,1697.49,2235.34,2141.58,312.496,820.855,1198.48,580.375,2906.7,389.761,571.077,1379.04,787.485,465.965,546.492,326.597,265.383,339.864,235.286,352.924,242.412,4886.99,330.224,439.949,253.301,377.755,254.585,214.571,294.253,187.736,189.351,165.797,178.894,105.03,80.8262,96.0963,70.2911,65.0597,54.1377,43.7265,42.0424,36.593,37.3594,30.1117,26.0344,22.7238,21.1749,23.3083,23.711,22.9849,16.7593,15.464,18.849,14.4984,13.4069,12.3466,11.9805,11.3793,10.7156,189.722
1999,10757.4,2738.47,228.902,265.592,7853.73,2632.39,906.537,1533.57,249.244,5247.14,1614.37,2247.25,375.011,1554.75,2049.9,1965.05,286.804,753.432,1100.07,532.721,2668.04,357.758,524.186,1265.81,722.825,427.705,501.62,299.781,243.593,311.958,215.967,323.945,222.507,4485.72,303.109,403.825,232.503,346.738,233.681,196.953,270.091,172.321,173.804,152.183,164.205,96.4059,74.1895,88.2058,64.5195,59.7176,49.6924,40.1361,38.5903,33.5884,34.2918,27.6392,23.8967,20.8579,19.4362,21.3945,21.7641,21.0976,15.3832,14.1943,17.3013,13.3079,12.3061,11.3328,10.9967,10.445,183.979
2000,34838.6,9989.71,2469.25,204.852,224.219,6568.38,2218.6,774.163,1329.75,219.187,4669.42,1449.89,2031.23,340.29,1413.76,1865.82,1789.3,261.19,686.173,1001.88,485.171,2429.89,325.825,477.397,1152.82,658.304,389.527,456.844,273.021,221.849,284.112,196.689,295.029,202.646,4085.31,276.053,367.778,211.749,315.787,212.822,179.372,245.982,156.939,158.29,138.599,149.548,87.8005,67.5672,80.3323,58.7603,54.3871,45.2568,36.5535,35.1456,30.5902,31.2308,25.1721,21.7636,18.9961,17.7013,19.4848,19.8214,19.2143,14.01,12.9273,15.7569,12.12,11.2076,10.3212,10.0151,177.069
2001,8785.31,32352,9022.14,2214,171.968,186.258,5494.04,1879.11,666.045,1161.73,194.078,4178.54,1307.13,1839.6,308.937,1284.96,1696.63,1627.31,237.557,624.094,911.239,441.277,2210.05,296.347,434.205,1048.52,598.745,354.285,415.512,248.32,201.777,258.407,178.894,268.337,184.312,3715.7,251.077,334.504,192.591,287.217,193.567,163.144,223.727,142.74,143.968,126.059,136.018,79.8568,61.4541,73.0643,53.4441,49.4665,41.1622,33.2463,31.9659,27.8226,28.4052,22.8947,19.7946,17.2774,16.0998,17.7219,18.028,17.4759,12.7425,11.7577,14.3313,11.0235,10.1936,9.38744,170.158
2002,5432.53,8158.26,29194.1,8081.51,1862.77,143.243,156.28,4669.44,1622.05,583.52,1030.85,173.94,3771.19,1184.76,1671.19,280.955,1169.08,1543.87,1480.86,216.18,567.936,829.242,401.569,2011.18,269.68,395.133,954.17,544.866,322.404,378.121,225.975,183.62,235.154,162.796,244.19,167.726,3381.34,228.484,304.403,175.261,261.371,176.149,148.463,203.595,129.895,131.013,114.716,123.778,72.6708,55.924,66.4895,48.6348,45.0152,37.4582,30.2546,29.0894,25.3189,25.8491,20.8344,18.0133,15.7227,14.651,16.1272,16.4058,15.9033,11.5958,10.6996,13.0417,10.0315,9.27633,163.389
2003,1138.65,5048.19,7478.77,26665.4,7090.63,1624,125.266,137.515,4144.17,1452.62,526.869,936.933,158.832,3453.52,1086.63,1533.86,257.944,1073.44,1417.61,1359.77,198.503,521.496,761.435,368.732,1846.72,247.628,362.823,876.146,500.312,296.041,347.202,207.496,168.605,215.925,149.484,224.222,154.011,3104.84,209.8,279.512,160.929,239.998,161.745,136.323,186.947,119.274,120.3,105.335,113.656,66.7284,51.3511,61.0526,44.6579,41.3342,34.3952,27.7806,26.7107,23.2485,23.7354,19.1308,16.5403,14.437,13.453,14.8084,15.0642,14.6029,10.6476,9.82471,11.9753,9.21122,158.546
2004,3621.86,1058.35,4654.53,6844.55,24054.6,6296.03,1430.23,110.218,120.94,3648.89,1285.19,469.421,840.9,143.438,3132.75,988.481,1397.6,235.245,979.535,1294.14,1241.79,181.343,476.582,696.103,337.214,1689.47,226.621,332.158,802.371,458.336,271.29,318.274,190.266,154.649,198.107,137.185,205.826,141.409,2851.43,192.717,256.803,147.882,220.579,148.681,125.331,171.895,109.685,110.641,96.8876,104.551,61.3878,47.2448,56.1744,41.0922,38.036,31.6522,25.5663,24.5826,21.397,21.8458,17.6082,15.2243,13.2886,12.383,13.6309,13.8665,13.442,9.80127,9.04384,11.0235,154.427
2005,249.978,3366.61,976.072,4264.56,6192.39,21467.1,5579.14,1266.35,97.5496,107.146,3246.1,1150.21,422.759,761.351,130.369,2854.29,901.909,1276.25,214.933,895.317,1183.3,1135.83,165.928,436.222,637.377,308.874,1548.02,207.719,304.557,735.938,420.523,248.986,292.195,174.726,142.058,182.025,126.08,189.21,130.022,2622.37,177.271,236.264,136.077,203.003,136.854,115.377,158.263,100.997,101.888,89.231,96.297,56.5457,43.5212,51.7502,37.8579,35.044,29.1636,23.5571,22.6515,19.7167,20.1308,16.2262,14.0297,12.2461,11.4117,12.5619,12.7792,12.3881,9.03288,8.33489,152.482
2006,1053.52,232.365,3105.98,894.826,3862.25,5534.65,19056.2,4948.66,1122.81,86.576,95.4733,2909.29,1037.13,383.161,692.606,118.878,2606.3,824.205,1166.89,196.59,819.192,1083.05,1039.95,151.972,399.668,584.162,283.18,1419.72,190.564,279.492,675.579,386.147,228.699,268.461,160.576,130.586,167.366,115.953,174.049,119.628,2413.18,163.158,217.49,125.284,186.927,126.032,106.266,145.781,93.0406,93.8698,82.2155,88.7325,52.1072,40.1074,47.6934,34.8918,32.2996,26.8808,21.7138,20.8796,18.1749,18.557,14.958,12.9333,11.2893,10.5202,11.5807,11.7811,11.4206,8.32751,148.261
2007,384.092,979.301,214.31,2847.39,810.947,3457.39,4923.07,16937.7,4396.94,998.518,77.2768,85.6761,2625.4,940.39,348.621,631.564,108.543,2381.55,753.513,1067.23,179.865,749.763,991.607,952.485,139.241,366.316,535.604,259.731,1302.6,174.902,256.605,620.453,354.747,210.163,246.771,147.642,120.098,153.961,106.69,160.179,110.116,2221.73,150.24,200.302,115.4,172.203,116.119,97.9186,134.344,85.7494,86.5209,75.7849,81.7977,48.0378,36.9772,43.9733,32.1717,29.7828,24.787,20.0231,19.2544,16.7606,17.1133,13.7945,11.9275,10.4114,9.70233,10.6804,10.8654,10.533,144.419
2008,20862.8,357.048,903.37,196.681,2588.23,729.792,3095.4,4404.81,15150.2,3935.72,896.411,69.6718,77.5908,2386.73,857.282,318.386,577.423,99.3052,2179.89,689.976,977.589,164.817,687.278,909.293,873.732,127.774,336.269,491.843,238.592,1196.99,160.774,235.952,570.69,326.391,193.418,227.171,135.95,110.614,141.836,98.3081,147.625,101.505,2048.33,138.537,184.727,106.441,158.854,107.13,90.3481,123.969,79.134,79.8522,69.9485,75.5031,44.3436,34.1353,40.5955,29.7015,27.497,22.8853,18.4874,17.7781,15.4758,15.8017,12.7375,11.0137,9.61391,8.9592,9.86245,10.0333,143.088
2009,1014.84,19392.3,328.792,826.91,178.043,2316.12,649.214,2751.57,3914.19,13473.7,3512.02,803.827,62.7964,70.2402,2167.53,780.173,290.118,526.577,90.6116,1989.99,630.144,893.203,150.655,628.502,831.895,799.712,117,308.046,450.753,218.75,1097.88,147.52,216.581,524.027,299.806,177.723,208.802,124.994,101.728,130.476,90.4565,135.865,93.4391,1885.94,127.577,170.141,98.0514,146.354,98.7131,83.259,114.254,72.9394,73.6077,64.4834,69.6087,40.8843,31.474,37.4324,27.3884,25.3565,21.1045,17.0493,16.3956,14.2726,14.5735,11.7476,10.1579,8.86702,8.26326,9.09642,141.23
2010,8093.68,943.153,17825.7,299.632,741.259,156.804,2021.27,565.957,2397.46,3414.84,11817.4,3104.13,716.217,56.3364,63.3276,1960.42,706.949,263.179,478.023,82.3026,1808.42,572.933,812.512,137.113,572.294,757.874,728.914,106.694,281.046,411.437,199.761,1003.02,134.83,198.032,479.335,274.339,162.684,191.197,114.492,93.2085,119.582,82.9254,124.584,85.6995,1730.09,117.056,156.137,89.9954,134.349,90.6277,76.4486,104.919,66.9868,67.6064,59.2306,63.9428,37.5588,28.9155,34.3912,25.1643,23.2983,19.392,15.6663,15.066,13.1155,13.3922,10.7956,9.33484,8.14861,7.59384,138.15
2011,3222.96,7521.72,867.794,16241.3,267.817,648.672,135.718,1747.33,488.955,2074.51,2974.08,10389.6,2756.05,641.222,50.7403,57.2525,1776.19,641.282,238.905,434.16,74.7842,1643.93,521.044,739.244,124.803,521.138,690.424,664.322,97.2799,256.352,375.434,182.35,915.936,123.168,180.965,438.165,250.854,148.8,174.928,104.777,85.3198,109.485,75.94,114.111,78.5097,1585.2,107.269,143.103,82.493,123.163,83.0907,70.0974,96.2109,61.4314,62.0038,54.3254,58.6505,34.4517,26.5246,31.5487,23.0851,21.3739,17.7907,14.373,13.8225,12.0331,12.2872,9.90492,8.5648,7.47648,133.724
2012,1379.65,2994.76,6944.52,800.209,14645.7,224.47,541.721,113.437,1475.23,419.377,1809.62,2632.02,9289.97,2480,578.943,45.8846,51.8081,1607.71,580.523,216.285,393.076,67.7115,1488.55,471.828,669.465,113.031,472.017,625.399,601.805,88.1329,232.269,340.196,165.251,830.129,111.641,164.046,397.242,227.45,134.933,158.645,95.0345,77.3962,99.3299,68.9047,103.553,71.2547,1438.91,97.3829,129.931,74.9105,111.858,75.4746,63.6813,87.4173,55.8249,56.3534,49.3821,53.3216,31.3263,24.122,28.6954,21.0006,19.4469,16.1893,13.0813,12.5822,10.9552,11.1883,9.0205,7.80129,128.654
2013,17153.8,1282.32,2767.51,6410.79,728.253,12722.2,194.54,469.743,98.9967,1300.44,373.686,1627.35,2382.52,8443.33,2258.84,527.852,41.8535,47.2651,1466.86,529.694,197.358,358.697,61.7929,1358.52,430.639,611.062,103.178,430.9,570.963,549.466,80.4743,212.103,310.685,150.929,758.255,101.984,149.871,362.953,207.838,123.311,144.995,86.8672,70.7525,90.8135,63.004,94.696,65.168,1316.15,89.0855,118.875,68.5447,102.365,69.0783,58.292,80.0296,51.1137,51.6044,45.2266,48.8412,28.698,22.1011,26.295,19.2465,17.825,14.8412,11.9937,11.5377,10.0472,10.2624,8.27519,125.215
2014,3354.29,15945.8,1185.5,2556.07,5861.56,644.341,11238,171.91,416.98,88.5023,1171.44,338.808,1482.32,2176.39,7724.64,2068.07,483.424,38.3361,43.296,1343.75,485.262,180.812,328.643,56.6186,1244.84,394.626,559.998,94.5618,394.946,523.36,503.693,73.7762,194.465,284.873,138.402,695.378,93.5359,137.468,332.948,190.674,113.139,133.048,79.7178,64.9362,83.357,57.8372,86.9398,59.837,1208.62,81.8167,109.189,62.9668,94.0465,63.4722,53.5678,73.5528,46.9829,47.44,41.5821,44.9112,26.3922,20.328,24.1885,17.707,16.4014,13.6577,11.0387,10.6205,9.24965,9.44904,122.942
2015,9005.46,3118.09,14749.4,1095.57,2337.65,5181.3,568.604,9920.98,152.476,372.565,79.6998,1062.04,308.646,1354.35,1991.64,7074.19,1894.54,442.921,35.1266,39.6732,1231.37,444.698,165.706,301.201,51.8936,1141.01,361.735,513.355,86.6912,362.098,479.864,461.864,67.6546,178.342,261.275,126.947,637.88,85.809,126.123,305.496,174.969,103.83,122.112,73.1723,59.6102,76.5277,53.104,79.8332,54.9515,1110.06,75.1525,100.306,57.8505,86.4144,58.3277,49.2316,67.6066,43.1897,43.6148,38.2337,41.2996,24.2726,18.6977,22.2513,16.2908,15.0914,12.5684,10.1595,9.77576,8.51502,121.905
2016,27797.3,8370.48,2882.17,13619.7,998.475,2041.17,4514.59,495.684,8699.74,134.947,333.015,71.8435,963.151,280.949,1235.26,1818.22,6460.78,1730.55,404.616,32.0905,36.246,1125.05,406.325,151.416,275.242,47.4243,1042.81,330.626,469.24,79.2473,331.031,438.728,422.306,61.8653,163.095,238.96,116.115,583.507,78.5023,115.395,279.539,160.119,95.0273,111.772,66.9835,54.5745,70.0707,48.629,73.1142,50.3325,1016.87,68.8521,91.9078,53.0136,79.1991,53.4644,45.1324,61.9854,39.6037,39.9988,35.0685,37.8855,22.2691,17.1566,20.42,14.9521,13.8532,11.5387,9.32845,8.97732,119.8
2017,5344.33,25836.1,7737.39,2661.48,12394.6,866.312,1766.81,3909.94,432.122,7662.64,120.178,299.373,65.022,875.31,255.89,1126.25,1658.5,5894.31,1578.96,369.193,29.2825,33.0761,1026.72,370.83,138.197,251.229,43.2897,951.962,301.842,428.421,72.3591,302.281,400.658,385.694,56.5067,148.982,218.301,106.087,533.162,71.7362,105.459,255.497,146.363,86.8728,102.191,61.2488,49.9078,64.0862,44.4808,66.8852,46.0499,930.46,63.0089,84.1182,48.5265,72.5047,48.9514,41.328,56.7677,36.2747,36.6413,32.1291,34.7145,20.4079,15.7248,18.7184,13.708,12.7022,10.5814,8.5557,118.141
2018,4075.69,4967.64,23874.6,7142.49,2427.48,10870,758.283,1547.2,3442.44,383.687,6865.72,108.516,271.822,59.2394,798.919,233.759,1029.23,1515.86,5387.83,1443.36,337.506,26.7707,30.2406,938.756,339.082,126.374,229.752,39.5917,870.708,276.1,391.915,66.199,276.571,366.613,352.953,51.7148,136.361,199.828,97.1194,488.145,65.6861,96.5757,234,134.064,79.5817,93.6254,56.1214,45.7353,58.7355,40.7721,61.3161,42.221,853.204,57.7848,77.1541,44.5149,66.5197,44.9167,37.9268,52.1029,33.2985,33.6397,29.5012,31.8797,18.744,14.4448,17.1971,12.5957,11.6732,9.72565,116.482
2019,3137.05,3788.5,4595.39,22066.1,6522.47,2131.29,9525.18,664.77,1363.74,3060.12,344.186,6206.83,98.6476,247.947,54.1344,730.698,213.876,941.831,1387.24,4930.91,1321.02,308.911,24.5037,27.6811,859.349,310.417,115.697,210.354,36.2512,797.295,252.838,358.92,60.6301,253.324,335.823,323.335,47.3789,124.939,183.105,88.9992,447.371,60.2048,88.5248,214.513,122.911,72.9682,85.8533,51.4678,41.9471,53.876,37.4027,56.2549,38.74,782.945,53.0321,70.8161,40.8626,61.0689,41.2408,34.8269,47.8498,30.5839,30.9008,27.1024,29.2909,17.2239,13.2749,15.8062,11.5783,10.7316,116.054
2020,6227.64,2916.08,3508.73,4249.05,20163.3,5756.5,1879.33,8406.24,589.557,1218.41,2755.45,311.981,5652.76,90.1028,226.822,49.5587,669.15,195.888,862.682,1270.73,4516.99,1210.19,283.009,22.4504,25.363,787.431,284.457,106.028,192.788,33.2265,730.825,231.777,329.049,55.5887,232.28,307.952,296.527,43.4548,114.601,167.971,81.6514,410.476,55.2454,81.241,196.884,112.822,66.9861,78.8236,47.2589,38.5212,49.4816,34.356,51.6786,35.5929,719.428,48.7358,65.0871,37.5615,56.1425,37.9187,32.0255,44.0066,28.1311,28.4263,24.9353,26.9524,15.8509,12.2183,14.55,10.6595,116.754
2021,7603.87,5790.05,2704.6,3250.78,3909.95,18189.7,5190.38,1695.32,7604.36,535.569,1111.78,2523.83,286.529,5200.21,82.963,208.937,45.6595,616.553,180.499,794.936,1170.98,4162.54,1115.26,260.82,20.691,23.3763,725.781,262.198,97.7361,177.719,30.6309,673.767,213.693,303.392,51.2571,214.192,283.989,273.469,40.0782,105.703,154.939,75.3214,378.68,50.9695,74.9583,181.671,104.112,61.8191,72.7489,43.6201,35.5579,45.6787,31.718,47.7143,32.8651,664.347,45.0081,60.1137,34.6943,51.8612,35.03,29.5883,40.661,25.9947,26.2697,23.0456,24.9119,14.6521,11.2952,13.452,117.819
2022,7632.1,7067.84,5358.11,2497.93,2963.15,3429.61,15939.3,4552.47,1495.03,6760.93,480.297,1004.38,2291.99,261.045,4745.87,75.7765,190.906,41.7259,563.484,164.973,726.6,1070.38,3805.19,1019.58,238.461,18.9186,21.3756,663.718,239.797,89.3936,162.564,28.0214,616.429,195.527,277.628,46.9094,196.045,259.957,250.356,36.6951,96.7917,141.894,68.9882,346.883,46.6956,68.6818,166.481,95.4195,56.6656,66.6933,39.9948,32.6073,41.8942,29.0944,43.7739,30.1554,609.662,41.3095,55.1821,31.8529,47.6212,32.171,27.1777,37.3541,23.8843,24.1408,21.1813,22.9003,13.4711,10.3865,120.746
2023,7625.56,7094.09,6541.74,4949.9,2277.23,2598.28,3004.3,13975.8,4013.62,1329.01,6062.92,433.92,912.22,2088.46,238.279,4335.55,69.2499,174.491,38.1412,515.106,150.818,664.294,978.654,3479.33,932.335,218.071,17.3022,19.5508,607.105,219.361,81.7826,148.737,25.6403,564.102,178.946,254.112,42.9404,179.477,238.013,229.248,33.605,88.6513,129.975,63.2012,317.824,42.7892,62.9441,152.593,87.4707,51.952,61.1538,36.6778,29.9071,38.4303,26.6925,40.1659,27.6739,559.572,37.9211,50.6631,29.2487,43.7343,29.5496,24.9669,34.3207,21.948,22.1871,19.4701,21.0534,12.3866,120.611
2024,7578.68,7085.51,6547.63,6019.71,4452.9,1916.24,2182.69,2527.89,11870.8,3457.85,1162.3,5370.44,387.873,819.98,1882.89,215.129,3916.74,62.577,157.699,34.474,465.621,136.342,600.59,884.894,3146.33,843.197,197.245,15.6518,17.6881,549.336,198.515,74.0212,134.641,23.2139,510.798,162.063,230.175,38.9019,162.625,215.703,207.797,30.4662,80.3859,117.88,57.3307,288.36,38.8301,57.1318,138.531,79.4266,47.1843,55.5536,33.3263,27.1802,34.934,24.2696,36.5282,25.1733,509.127,34.5105,46.1173,26.6306,39.8289,26.9173,22.7482,31.2783,20.0072,20.2301,17.757,19.2057,121.381
2025,7537.99,7041.98,6539.97,6025.46,5416.25,3749.03,1610.62,1837.55,2148.19,10231.2,3025.1,1029.82,4801.56,348.717,739.393,1700.23,194.378,3539.87,56.5635,142.558,31.1669,420.992,123.285,543.132,800.322,2845.94,762.785,178.456,14.1626,16.0073,497.205,179.702,67.0159,121.917,21.0234,462.671,146.817,208.556,35.2542,147.402,195.547,188.414,27.6294,72.9149,106.945,52.0226,261.713,35.2491,51.8736,125.807,72.1468,42.8688,50.4835,30.2914,24.7104,31.7668,22.0742,33.2314,22.9066,463.39,31.4175,41.9939,24.2552,36.2849,24.528,20.7339,28.5155,18.2444,18.452,16.2002,128.319
2026,7506.42,7004.2,6500.01,6018.69,5422.21,4562.09,3152.48,1356.53,1562.16,1852.09,8953.18,2680.85,920.889,4317.47,314.487,667.75,1536.42,175.697,3200.09,51.1391,128.898,28.183,380.724,111.504,491.283,724.002,2574.85,690.208,161.497,12.8184,14.49,450.137,162.714,60.6897,110.425,19.0447,419.194,133.043,189.022,31.9577,133.643,177.326,170.889,25.0643,66.158,97.0533,47.2204,237.602,32.0083,47.114,114.288,65.5548,38.9603,45.8908,27.5416,22.4723,28.896,20.0839,30.242,20.8507,421.898,28.6111,38.2517,22.0989,33.067,22.358,18.9041,26.0052,16.6423,16.8357,131.92
2027,7481.47,6974.89,6465.35,5982.19,5416.91,4569.13,3837.89,2656.32,1153.69,1347.29,1621.18,7936.03,2397.7,828.169,3894.2,284.052,603.493,1388.94,158.852,2893.56,46.2447,116.572,25.4905,344.385,100.872,444.488,655.115,2330.14,624.691,146.186,11.6047,13.1198,407.633,147.371,54.9756,100.044,17.2571,379.91,120.596,171.367,28.9779,121.204,160.85,155.04,22.7441,60.0456,88.1038,42.8747,215.78,29.0745,42.8046,103.856,59.584,35.4194,41.7292,25.0496,20.4435,26.2932,18.2789,27.5305,18.9856,384.248,26.0639,34.8543,20.1409,30.1443,20.3867,17.2415,23.7236,15.1858,135.799
2028,7460.29,6951.74,6438.57,5950.63,5385.04,4567.2,3845.99,3235.66,2260.26,995.427,1179.71,1437.39,7099.39,2156.69,747.107,3517.91,256.759,545.648,1255.97,143.659,2617.04,41.8291,105.452,23.0611,311.596,91.2781,402.258,592.946,2109.28,565.553,132.365,10.509,11.8828,369.251,133.516,49.8146,90.6666,15.6421,344.415,109.347,155.41,26.2844,109.958,145.953,140.708,20.6456,54.5161,80.0064,38.9421,196.028,26.4186,38.9027,94.4093,54.1757,32.2115,37.9581,22.7909,18.6043,23.9331,16.642,25.0708,17.2933,350.079,23.7517,31.7698,18.3628,27.4896,18.5957,15.7305,21.6497,137.848
2029,7441.05,6932.09,6417.4,5926.26,5357.43,4542.36,3846.11,3243.93,2754.33,1950.87,871.853,1046.2,1286.08,6386.75,1945.86,675.004,3180.3,232.178,493.475,1135.99,129.947,2367.45,37.8435,95.4132,20.868,281.994,82.6162,364.129,536.808,1909.83,512.143,119.881,9.51922,10.7652,334.574,120.996,45.1507,82.1913,14.1823,312.325,99.1767,140.98,23.8482,99.785,132.475,127.739,18.7464,49.511,72.6757,35.3812,178.14,24.0128,35.3676,85.8487,49.274,29.3035,34.5389,20.7426,16.936,21.792,15.1566,22.8383,15.757,319.052,21.6517,28.9676,16.7471,25.0767,16.9675,14.3566,145.632
2030,7423.01,6914.24,6399.48,5907.05,5336.26,4521.07,3826.91,3245.47,2762.48,2378.11,1709.15,773.346,936.233,1157.15,5763.19,1758.29,610.302,2876.2,210.005,446.39,1027.69,117.568,2142.14,34.2453,86.3501,18.8878,255.265,74.7943,329.695,486.107,1729.67,463.897,108.603,8.62496,9.75535,303.236,109.68,40.9348,74.5293,12.8624,283.308,89.9784,127.928,21.6443,90.5806,120.278,116.001,17.0271,44.9792,66.0371,32.1559,161.935,21.833,32.1639,78.0892,44.8301,26.6665,31.4378,18.8844,15.4223,19.8487,13.8082,20.8113,14.3618,290.87,19.7438,26.4212,15.2785,22.8831,15.4869,146.093
2031,7406.09,6897.51,6383.26,5890.89,5319.94,4505.69,3811.1,3231.05,2765.17,2386.16,2084.16,1516.45,692.21,842.537,1044.36,5208.51,1590.01,552.032,2601.92,189.997,403.895,929.938,106.396,1938.76,30.9971,78.1684,17.1001,231.132,67.7316,298.6,440.319,1566.97,420.319,98.4154,7.81704,8.8429,274.917,99.4532,37.1241,67.6027,11.669,257.068,81.6594,116.122,19.6505,82.2521,109.24,105.376,15.4707,40.876,60.0251,29.2345,147.254,19.8579,29.2604,71.0553,40.8009,24.2752,28.625,17.1986,14.0488,18.085,12.5841,18.9707,13.0947,265.268,18.0101,24.1069,13.9435,20.8884,147.562
2032,7390.29,6881.81,6368.03,5876.24,5306.16,4493.88,3799.84,3219.12,2753.98,2389.28,2091.77,1849.57,1357.59,623.029,760.511,943.964,4710.6,1438.38,499.453,2354.32,171.931,365.524,841.669,96.3062,1755.09,28.0636,70.7786,15.4854,209.332,61.351,270.507,398.947,1419.93,380.934,89.207,7.08671,8.01799,249.312,90.2052,33.6777,61.3374,10.5894,233.326,74.1313,105.436,17.8457,74.7119,99.2456,95.7541,14.0608,37.1585,54.5774,26.5868,133.946,18.0671,26.6275,64.6755,37.1457,22.1054,26.0721,15.6683,12.8016,16.4833,11.4722,17.2985,11.9432,241.997,16.434,22.0023,12.7292,153.848
